display_name,num_followers,package_count,number_users,date
ACAPS,6.0,1.0,1,2015-01-29
"Accion Contra el Hambre (ACF-Spain)",1.0,0.0,1,2015-01-29
"ACLED Conflict Data Project",2.0,0.0,1,2015-01-29
"ADRA Vanuatu",0.0,0.0,1,2015-01-29
"ALHASAN Systems Private Limited",1.0,6.0,4,2015-01-29
"American Red Cross",5.0,2.0,2,2015-01-29
"BRC Maps Team",0.0,2.0,1,2015-01-29
C4DLab,0.0,0.0,1,2015-01-29
"Canadian Red Cross",0.0,0.0,1,2015-01-29
"Caribbean GIS",0.0,1.0,1,2015-01-29
CartONG,1.0,0.0,1,2015-01-29
"Central University",0.0,1.0,1,2015-01-29
CODHES,0.0,2.0,1,2015-01-29
"Croix Rouge Côte d'ivoire",0.0,0.0,1,2015-01-29
DANE,0.0,0.0,1,2015-01-29
DFID,1.0,0.0,1,2015-01-29
"Direct Relief",4.0,1.0,4,2015-01-29
"Emergency Telecommunications Cluster",1.0,1.0,2,2015-01-29
"Food and Agriculture Organization (FAO)",0.0,1.0,1,2015-01-29
Flowminder,1.0,1.0,1,2015-01-29
"French Red Cross",1.0,0.0,1,2015-01-29
"Gapminder Foundation",3.0,0.0,1,2015-01-29
"Global CCCM Cluster",0.0,0.0,1,2015-01-29
"Global Data Lab (GDL)",1.0,1.0,1,2015-01-29
HDX,11.0,898.0,15,2015-01-29
"Humanitarian OpenStreetMap Team (HOT)",1.0,3.0,3,2015-01-29
"Human Rights Watch (HRW)",0.0,0.0,1,2015-01-29
"Humanitarian Exchange Language (HXL)",1.0,1.0,1,2015-01-29
"Humanity Road",0.0,0.0,1,2015-01-29
"ICRC DRC",0.0,0.0,1,2015-01-29
Info4Disasters,0.0,0.0,1,2015-01-29
InfoRM,1.0,1.0,1,2015-01-29
INNAGO,1.0,43.0,12,2015-01-29
InterAction,4.0,141.0,2,2015-01-29
"Internal Displacement Monitoring Centre (IDMC)",1.0,2.0,1,2015-01-29
"International Federation of Red Cross and Red Crescent Societies (IFRC)",2.0,0.0,1,2015-01-29
"International Organization for Migration",5.0,0.0,1,2015-01-29
"IOM Iraq",0.0,0.0,2,2015-01-29
"International Rescue Committee (HQ)",0.0,0.0,1,2015-01-29
"Italian Red Cross",0.0,0.0,1,2015-01-29
"Janssen Global Public Health",1.0,0.0,1,2015-01-29
JIPS,0.0,1.0,1,2015-01-29
"Kenya Open Data Initiative",3.0,9.0,4,2015-01-29
KoBo,0.0,1.0,7,2015-01-29
MapAction,2.0,2.0,5,2015-01-29
Medair,0.0,0.0,1,2015-01-29
"Médecins du Monde",0.0,1.0,1,2015-01-29
"Mercy Corps",0.0,0.0,1,2015-01-29
"MIT Government Lab",0.0,0.0,1,2015-01-29
NetHope,2.0,1.0,1,2015-01-29
"Observatory of Conflict and Violence Prevention (OCVP)",1.0,2.0,1,2015-01-29
"OCHA Afghanistan",0.0,1.0,1,2015-01-29
"OCHA BGSS",0.0,2.0,3,2015-01-29
"OCHA Colombia",9.0,47.0,15,2015-01-29
"OCHA DR Congo",0.0,4.0,1,2015-01-29
"OCHA FISS",0.0,2.0,3,2015-01-29
"OCHA FTS",0.0,0.0,1,2015-01-29
"OCHA Mali",1.0,9.0,3,2015-01-29
"OCHA Myanmar",0.0,0.0,1,2015-01-29
"OCHA Nepal",0.0,0.0,1,2015-01-29
"OCHA ORHC",0.0,0.0,1,2015-01-29
"OCHA Pakistan",0.0,0.0,1,2015-01-29
"UNOCHA Philippines",0.0,0.0,1,2015-01-29
"OCHA ROEA",4.0,139.0,9,2015-01-29
"OCHA ROWCA",0.0,5.0,5,2015-01-29
"OCHA Somalia",0.0,0.0,1,2015-01-29
"OCHA South Sudan",1.0,6.0,4,2015-01-29
"OCHA Yemen",1.0,15.0,1,2015-01-29
"OIM Colombia",1.0,0.0,1,2015-01-29
"Open Crisis",5.0,11.0,5,2015-01-29
OurAirports,0.0,236.0,1,2015-01-29
"Oxford Poverty & Human Development Initiative",0.0,4.0,1,2015-01-29
"REACH Initiative",0.0,0.0,1,2015-01-29
"Red Nacional de Informacion",2.0,1.0,1,2015-01-29
REFUNITE,0.0,0.0,1,2015-01-29
"Relief Applications",0.0,0.0,1,2015-01-29
"Small Arms Survey",0.0,1.0,4,2015-01-29
"Spatial Collective",1.0,6.0,3,2015-01-29
"Standby Task Force",4.0,7.0,3,2015-01-29
"Swiss Red Cross",0.0,0.0,1,2015-01-29
"TDH Lausanne",0.0,0.0,1,2015-01-29
"Terre des Hommes-Italia",0.0,0.0,1,2015-01-29
"U.S. DoD",1.0,8.0,1,2015-01-29
"OCHA HQ",2.0,1.0,4,2015-01-29
"UN Operational Satellite Applications Programme (UNOSAT)",1.0,2.0,1,2015-01-29
UNESCO,0.0,0.0,1,2015-01-29
UNHCR,3.0,5.0,1,2015-01-29
"UNHCR Colombia",2.0,1.0,1,2015-01-29
"UNHCR Kenya",0.0,0.0,1,2015-01-29
"UNHCR Niger",0.0,3.0,1,2015-01-29
"UNICEF Colombia",1.0,1.0,2,2015-01-29
"UNICEF ESARO",1.0,1.0,1,2015-01-29
"Unidad Nacional para la gestion del riesgo de desastres",1.0,1.0,1,2015-01-29
"Universidad Industrial de Santander",0.0,0.0,1,2015-01-29
"UNMAS Colombia",1.0,1.0,1,2015-01-29
UNMEER,14.0,17.0,42,2015-01-29
"U.S. Department of State - Humanitarian Information Unit",2.0,11.0,4,2015-01-29
Ushahidi,2.0,2.0,3,2015-01-29
"WASH Cluster Guinea",0.0,1.0,1,2015-01-29
"WFP - World Food Programme",6.0,25.0,15,2015-01-29
"World Health Organization",3.0,7.0,9,2015-01-29
"Young Pioneer Disaster Response (YPDR)",0.0,0.0,1,2015-01-29
ACAPS,6.0,1.0,1,2015-01-30
"Accion Contra el Hambre (ACF-Spain)",1.0,0.0,1,2015-01-30
"ACLED Conflict Data Project",2.0,0.0,1,2015-01-30
"ADRA Vanuatu",0.0,0.0,1,2015-01-30
"ALHASAN Systems Private Limited",1.0,6.0,4,2015-01-30
"American Red Cross",5.0,2.0,2,2015-01-30
"BRC Maps Team",0.0,2.0,1,2015-01-30
C4DLab,0.0,0.0,1,2015-01-30
"Canadian Red Cross",0.0,0.0,1,2015-01-30
"Caribbean GIS",0.0,1.0,1,2015-01-30
CartONG,1.0,0.0,1,2015-01-30
"Central University",0.0,1.0,1,2015-01-30
CODHES,0.0,2.0,1,2015-01-30
"Croix Rouge Côte d'ivoire",0.0,0.0,1,2015-01-30
DANE,0.0,0.0,1,2015-01-30
DFID,1.0,0.0,1,2015-01-30
"Direct Relief",4.0,1.0,4,2015-01-30
"Emergency Telecommunications Cluster",1.0,1.0,2,2015-01-30
"Food and Agriculture Organization (FAO)",0.0,1.0,1,2015-01-30
Flowminder,1.0,1.0,1,2015-01-30
"French Red Cross",1.0,0.0,1,2015-01-30
"Gapminder Foundation",3.0,0.0,1,2015-01-30
"Global CCCM Cluster",0.0,0.0,1,2015-01-30
"Global Data Lab (GDL)",1.0,1.0,1,2015-01-30
HDX,11.0,898.0,15,2015-01-30
"Humanitarian OpenStreetMap Team (HOT)",1.0,3.0,3,2015-01-30
"Human Rights Watch (HRW)",0.0,0.0,1,2015-01-30
"Humanitarian Exchange Language (HXL)",1.0,1.0,1,2015-01-30
"Humanity Road",0.0,0.0,1,2015-01-30
"ICRC DRC",0.0,0.0,1,2015-01-30
Info4Disasters,0.0,0.0,1,2015-01-30
InfoRM,1.0,1.0,1,2015-01-30
INNAGO,1.0,43.0,12,2015-01-30
InterAction,4.0,141.0,2,2015-01-30
"Internal Displacement Monitoring Centre (IDMC)",1.0,2.0,1,2015-01-30
"International Federation of Red Cross and Red Crescent Societies (IFRC)",2.0,0.0,1,2015-01-30
"International Organization for Migration",5.0,0.0,1,2015-01-30
"IOM Iraq",0.0,0.0,2,2015-01-30
"International Rescue Committee (HQ)",0.0,0.0,1,2015-01-30
"Italian Red Cross",0.0,0.0,1,2015-01-30
"Janssen Global Public Health",1.0,0.0,1,2015-01-30
JIPS,0.0,1.0,1,2015-01-30
"Kenya Open Data Initiative",3.0,9.0,4,2015-01-30
KoBo,0.0,1.0,7,2015-01-30
MapAction,2.0,2.0,5,2015-01-30
Medair,0.0,0.0,1,2015-01-30
"Médecins du Monde",0.0,1.0,1,2015-01-30
"Mercy Corps",0.0,0.0,1,2015-01-30
"MIT Government Lab",0.0,0.0,1,2015-01-30
NetHope,2.0,1.0,1,2015-01-30
"Observatory of Conflict and Violence Prevention (OCVP)",1.0,2.0,1,2015-01-30
"OCHA Afghanistan",0.0,1.0,1,2015-01-30
"OCHA BGSS",0.0,2.0,3,2015-01-30
"OCHA Colombia",9.0,47.0,15,2015-01-30
"OCHA DR Congo",0.0,4.0,1,2015-01-30
"OCHA FISS",0.0,2.0,3,2015-01-30
"OCHA FTS",0.0,0.0,1,2015-01-30
"OCHA Mali",1.0,9.0,3,2015-01-30
"OCHA Myanmar",0.0,0.0,1,2015-01-30
"OCHA Nepal",0.0,0.0,1,2015-01-30
"OCHA ORHC",0.0,0.0,1,2015-01-30
"OCHA Pakistan",0.0,0.0,1,2015-01-30
"UNOCHA Philippines",0.0,0.0,1,2015-01-30
"OCHA ROEA",4.0,139.0,9,2015-01-30
"OCHA ROWCA",0.0,5.0,5,2015-01-30
"OCHA Somalia",0.0,0.0,1,2015-01-30
"OCHA South Sudan",1.0,6.0,4,2015-01-30
"OCHA Yemen",1.0,15.0,1,2015-01-30
"OIM Colombia",1.0,0.0,1,2015-01-30
"Open Crisis",5.0,11.0,5,2015-01-30
OurAirports,0.0,236.0,1,2015-01-30
"Oxford Poverty & Human Development Initiative",0.0,4.0,1,2015-01-30
"REACH Initiative",0.0,0.0,1,2015-01-30
"Red Nacional de Informacion",2.0,1.0,1,2015-01-30
REFUNITE,0.0,0.0,1,2015-01-30
"Relief Applications",0.0,0.0,1,2015-01-30
"Small Arms Survey",0.0,1.0,4,2015-01-30
"Spatial Collective",1.0,6.0,3,2015-01-30
"Standby Task Force",4.0,7.0,3,2015-01-30
"Swiss Red Cross",0.0,0.0,1,2015-01-30
"TDH Lausanne",0.0,0.0,1,2015-01-30
"Terre des Hommes-Italia",0.0,0.0,1,2015-01-30
"U.S. DoD",1.0,8.0,1,2015-01-30
"OCHA HQ",2.0,1.0,4,2015-01-30
"UN Operational Satellite Applications Programme (UNOSAT)",1.0,2.0,1,2015-01-30
UNESCO,0.0,0.0,1,2015-01-30
UNHCR,3.0,5.0,1,2015-01-30
"UNHCR Colombia",2.0,1.0,1,2015-01-30
"UNHCR Kenya",0.0,0.0,1,2015-01-30
"UNHCR Niger",0.0,3.0,1,2015-01-30
"UNICEF Colombia",1.0,1.0,2,2015-01-30
"UNICEF ESARO",1.0,1.0,1,2015-01-30
"Unidad Nacional para la gestion del riesgo de desastres",1.0,1.0,1,2015-01-30
"Universidad Industrial de Santander",0.0,0.0,1,2015-01-30
"UNMAS Colombia",1.0,1.0,1,2015-01-30
UNMEER,14.0,17.0,42,2015-01-30
"U.S. Department of State - Humanitarian Information Unit",2.0,11.0,4,2015-01-30
Ushahidi,2.0,2.0,3,2015-01-30
"WASH Cluster Guinea",0.0,1.0,1,2015-01-30
"WFP - World Food Programme",6.0,25.0,15,2015-01-30
"World Health Organization",3.0,7.0,9,2015-01-30
"Young Pioneer Disaster Response (YPDR)",0.0,0.0,1,2015-01-30
ACAPS,6.0,1.0,1,2015-01-31
"Accion Contra el Hambre (ACF-Spain)",1.0,0.0,1,2015-01-31
"ACLED Conflict Data Project",2.0,0.0,1,2015-01-31
"ADRA Vanuatu",0.0,0.0,1,2015-01-31
"ALHASAN Systems Private Limited",1.0,6.0,4,2015-01-31
"American Red Cross",5.0,2.0,2,2015-01-31
"BRC Maps Team",0.0,2.0,1,2015-01-31
C4DLab,0.0,0.0,1,2015-01-31
"Canadian Red Cross",0.0,0.0,1,2015-01-31
"Caribbean GIS",0.0,1.0,1,2015-01-31
CartONG,1.0,0.0,1,2015-01-31
"Central University",0.0,1.0,1,2015-01-31
CODHES,0.0,2.0,1,2015-01-31
"Croix Rouge Côte d'ivoire",0.0,0.0,1,2015-01-31
DANE,0.0,0.0,1,2015-01-31
DFID,1.0,0.0,1,2015-01-31
"Direct Relief",4.0,1.0,4,2015-01-31
"Emergency Telecommunications Cluster",1.0,1.0,2,2015-01-31
"Food and Agriculture Organization (FAO)",0.0,1.0,1,2015-01-31
Flowminder,1.0,1.0,1,2015-01-31
"French Red Cross",1.0,0.0,1,2015-01-31
"Gapminder Foundation",3.0,0.0,1,2015-01-31
"Global CCCM Cluster",0.0,0.0,1,2015-01-31
"Global Data Lab (GDL)",1.0,1.0,1,2015-01-31
HDX,11.0,900.0,17,2015-01-31
"Humanitarian OpenStreetMap Team (HOT)",1.0,3.0,3,2015-01-31
"Human Rights Watch (HRW)",0.0,0.0,1,2015-01-31
"Humanitarian Exchange Language (HXL)",1.0,1.0,1,2015-01-31
"Humanity Road",0.0,0.0,1,2015-01-31
"ICRC DRC",0.0,0.0,1,2015-01-31
Info4Disasters,0.0,0.0,1,2015-01-31
InfoRM,1.0,1.0,1,2015-01-31
INNAGO,1.0,43.0,12,2015-01-31
InterAction,4.0,141.0,2,2015-01-31
"Internal Displacement Monitoring Centre (IDMC)",1.0,2.0,1,2015-01-31
"International Federation of Red Cross and Red Crescent Societies (IFRC)",2.0,0.0,1,2015-01-31
"International Organization for Migration",5.0,0.0,1,2015-01-31
"IOM Iraq",0.0,0.0,2,2015-01-31
"International Rescue Committee (HQ)",0.0,0.0,1,2015-01-31
"Italian Red Cross",0.0,0.0,1,2015-01-31
"Janssen Global Public Health",1.0,0.0,1,2015-01-31
JIPS,0.0,1.0,1,2015-01-31
"Kenya Open Data Initiative",3.0,13.0,4,2015-01-31
KoBo,0.0,1.0,7,2015-01-31
MapAction,2.0,2.0,5,2015-01-31
Medair,0.0,0.0,1,2015-01-31
"Médecins du Monde",0.0,1.0,1,2015-01-31
"Mercy Corps",0.0,0.0,1,2015-01-31
"MIT Government Lab",0.0,0.0,1,2015-01-31
NetHope,2.0,1.0,1,2015-01-31
"Observatory of Conflict and Violence Prevention (OCVP)",1.0,2.0,1,2015-01-31
"OCHA Afghanistan",0.0,1.0,1,2015-01-31
"OCHA BGSS",0.0,2.0,3,2015-01-31
"OCHA Colombia",9.0,47.0,15,2015-01-31
"OCHA DR Congo",0.0,4.0,1,2015-01-31
"OCHA FISS",0.0,2.0,3,2015-01-31
"OCHA FTS",0.0,0.0,1,2015-01-31
"OCHA Mali",1.0,9.0,3,2015-01-31
"OCHA Myanmar",0.0,0.0,1,2015-01-31
"OCHA Nepal",0.0,0.0,1,2015-01-31
"OCHA ORHC",0.0,0.0,1,2015-01-31
"OCHA Pakistan",0.0,0.0,1,2015-01-31
"UNOCHA Philippines",0.0,3.0,1,2015-01-31
"OCHA ROEA",4.0,139.0,9,2015-01-31
"OCHA ROWCA",0.0,5.0,5,2015-01-31
"OCHA Somalia",0.0,0.0,1,2015-01-31
"OCHA South Sudan",1.0,6.0,4,2015-01-31
"OCHA Yemen",1.0,15.0,1,2015-01-31
"OIM Colombia",1.0,0.0,1,2015-01-31
"Open Crisis",5.0,11.0,5,2015-01-31
OurAirports,0.0,236.0,1,2015-01-31
"Oxford Poverty & Human Development Initiative",0.0,4.0,1,2015-01-31
"REACH Initiative",0.0,0.0,1,2015-01-31
"Red Nacional de Informacion",2.0,1.0,1,2015-01-31
REFUNITE,0.0,0.0,1,2015-01-31
"Relief Applications",0.0,0.0,1,2015-01-31
"Small Arms Survey",0.0,1.0,4,2015-01-31
"Spatial Collective",1.0,6.0,3,2015-01-31
"Standby Task Force",4.0,7.0,3,2015-01-31
"Swiss Red Cross",0.0,0.0,1,2015-01-31
"TDH Lausanne",0.0,0.0,1,2015-01-31
"Terre des Hommes-Italia",0.0,0.0,1,2015-01-31
"U.S. DoD",1.0,8.0,1,2015-01-31
"OCHA HQ",2.0,1.0,4,2015-01-31
"UN Operational Satellite Applications Programme (UNOSAT)",1.0,3.0,1,2015-01-31
UNESCO,0.0,0.0,1,2015-01-31
UNHCR,3.0,5.0,1,2015-01-31
"UNHCR Colombia",2.0,1.0,1,2015-01-31
"UNHCR Kenya",0.0,0.0,1,2015-01-31
"UNHCR Niger",0.0,3.0,1,2015-01-31
"UNICEF Colombia",1.0,1.0,2,2015-01-31
"UNICEF ESARO",1.0,1.0,1,2015-01-31
"Unidad Nacional para la gestion del riesgo de desastres",1.0,1.0,1,2015-01-31
"Universidad Industrial de Santander",0.0,0.0,1,2015-01-31
"UNMAS Colombia",1.0,1.0,1,2015-01-31
UNMEER,14.0,17.0,42,2015-01-31
"U.S. Department of State - Humanitarian Information Unit",3.0,11.0,9,2015-01-31
Ushahidi,2.0,2.0,3,2015-01-31
"WASH Cluster Guinea",0.0,1.0,1,2015-01-31
"WFP - World Food Programme",6.0,25.0,15,2015-01-31
"World Health Organization",3.0,7.0,9,2015-01-31
"Young Pioneer Disaster Response (YPDR)",0.0,0.0,1,2015-01-31
ACAPS,6.0,1.0,1,2015-02-01
"Accion Contra el Hambre (ACF-Spain)",1.0,0.0,1,2015-02-01
"ACLED Conflict Data Project",2.0,0.0,1,2015-02-01
"ADRA Vanuatu",0.0,0.0,1,2015-02-01
"ALHASAN Systems Private Limited",1.0,6.0,4,2015-02-01
"American Red Cross",5.0,2.0,2,2015-02-01
"BRC Maps Team",0.0,2.0,1,2015-02-01
C4DLab,0.0,0.0,1,2015-02-01
"Canadian Red Cross",0.0,0.0,1,2015-02-01
"Caribbean GIS",0.0,1.0,1,2015-02-01
CartONG,1.0,0.0,1,2015-02-01
"Central University",0.0,1.0,1,2015-02-01
CODHES,0.0,2.0,1,2015-02-01
"Croix Rouge Côte d'ivoire",0.0,0.0,1,2015-02-01
DANE,0.0,0.0,1,2015-02-01
DFID,1.0,0.0,1,2015-02-01
"Direct Relief",4.0,1.0,4,2015-02-01
"Emergency Telecommunications Cluster",1.0,1.0,2,2015-02-01
"Food and Agriculture Organization (FAO)",0.0,1.0,1,2015-02-01
Flowminder,1.0,1.0,1,2015-02-01
"French Red Cross",1.0,0.0,1,2015-02-01
"Gapminder Foundation",3.0,0.0,1,2015-02-01
"Global CCCM Cluster",0.0,0.0,1,2015-02-01
"Global Data Lab (GDL)",1.0,1.0,1,2015-02-01
HDX,11.0,900.0,17,2015-02-01
"Humanitarian OpenStreetMap Team (HOT)",1.0,3.0,3,2015-02-01
"Human Rights Watch (HRW)",0.0,0.0,1,2015-02-01
"Humanitarian Exchange Language (HXL)",1.0,1.0,1,2015-02-01
"Humanity Road",0.0,0.0,1,2015-02-01
"ICRC DRC",0.0,0.0,1,2015-02-01
Info4Disasters,0.0,0.0,1,2015-02-01
InfoRM,1.0,1.0,1,2015-02-01
INNAGO,1.0,43.0,12,2015-02-01
InterAction,4.0,141.0,2,2015-02-01
"Internal Displacement Monitoring Centre (IDMC)",1.0,2.0,1,2015-02-01
"International Federation of Red Cross and Red Crescent Societies (IFRC)",2.0,0.0,1,2015-02-01
"International Organization for Migration",5.0,0.0,1,2015-02-01
"IOM Iraq",0.0,0.0,2,2015-02-01
"International Rescue Committee (HQ)",0.0,0.0,1,2015-02-01
"Italian Red Cross",0.0,0.0,1,2015-02-01
"Janssen Global Public Health",1.0,0.0,1,2015-02-01
JIPS,0.0,1.0,1,2015-02-01
"Kenya Open Data Initiative",3.0,13.0,4,2015-02-01
KoBo,0.0,1.0,7,2015-02-01
MapAction,2.0,2.0,5,2015-02-01
Medair,0.0,0.0,1,2015-02-01
"Médecins du Monde",0.0,1.0,1,2015-02-01
"Mercy Corps",0.0,0.0,1,2015-02-01
"MIT Government Lab",0.0,0.0,1,2015-02-01
NetHope,2.0,1.0,1,2015-02-01
"Observatory of Conflict and Violence Prevention (OCVP)",1.0,2.0,1,2015-02-01
"OCHA Afghanistan",0.0,1.0,1,2015-02-01
"OCHA BGSS",0.0,2.0,3,2015-02-01
"OCHA Colombia",9.0,47.0,15,2015-02-01
"OCHA DR Congo",0.0,4.0,1,2015-02-01
"OCHA FISS",0.0,2.0,3,2015-02-01
"OCHA FTS",0.0,0.0,1,2015-02-01
"OCHA Mali",1.0,9.0,3,2015-02-01
"OCHA Myanmar",0.0,0.0,1,2015-02-01
"OCHA Nepal",0.0,0.0,1,2015-02-01
"OCHA ORHC",0.0,0.0,1,2015-02-01
"OCHA Pakistan",0.0,0.0,1,2015-02-01
"UNOCHA Philippines",0.0,3.0,1,2015-02-01
"OCHA ROEA",4.0,139.0,9,2015-02-01
"OCHA ROWCA",0.0,5.0,5,2015-02-01
"OCHA Somalia",0.0,0.0,1,2015-02-01
"OCHA South Sudan",1.0,6.0,4,2015-02-01
"OCHA Yemen",1.0,15.0,1,2015-02-01
"OIM Colombia",1.0,0.0,1,2015-02-01
"Open Crisis",5.0,11.0,5,2015-02-01
OurAirports,0.0,236.0,1,2015-02-01
"Oxford Poverty & Human Development Initiative",0.0,4.0,1,2015-02-01
"REACH Initiative",0.0,0.0,1,2015-02-01
"Red Nacional de Informacion",2.0,1.0,1,2015-02-01
REFUNITE,0.0,0.0,1,2015-02-01
"Relief Applications",0.0,0.0,1,2015-02-01
"Small Arms Survey",0.0,1.0,4,2015-02-01
"Spatial Collective",1.0,6.0,3,2015-02-01
"Standby Task Force",4.0,7.0,3,2015-02-01
"Swiss Red Cross",0.0,0.0,1,2015-02-01
"TDH Lausanne",0.0,0.0,1,2015-02-01
"Terre des Hommes-Italia",0.0,0.0,1,2015-02-01
"U.S. DoD",1.0,8.0,1,2015-02-01
"OCHA HQ",2.0,1.0,4,2015-02-01
"UN Operational Satellite Applications Programme (UNOSAT)",1.0,3.0,1,2015-02-01
UNESCO,0.0,0.0,1,2015-02-01
UNHCR,3.0,5.0,1,2015-02-01
"UNHCR Colombia",2.0,1.0,1,2015-02-01
"UNHCR Kenya",0.0,0.0,1,2015-02-01
"UNHCR Niger",0.0,3.0,1,2015-02-01
"UNICEF Colombia",1.0,1.0,2,2015-02-01
"UNICEF ESARO",1.0,1.0,1,2015-02-01
"Unidad Nacional para la gestion del riesgo de desastres",1.0,1.0,1,2015-02-01
"Universidad Industrial de Santander",0.0,0.0,1,2015-02-01
"UNMAS Colombia",1.0,1.0,1,2015-02-01
UNMEER,14.0,17.0,42,2015-02-01
"U.S. Department of State - Humanitarian Information Unit",3.0,11.0,9,2015-02-01
Ushahidi,2.0,2.0,3,2015-02-01
"WASH Cluster Guinea",0.0,1.0,1,2015-02-01
"WFP - World Food Programme",6.0,25.0,15,2015-02-01
"World Health Organization",3.0,7.0,9,2015-02-01
"Young Pioneer Disaster Response (YPDR)",0.0,0.0,1,2015-02-01
ACAPS,6.0,1.0,1,2015-02-02
"Accion Contra el Hambre (ACF-Spain)",1.0,0.0,1,2015-02-02
"ACLED Conflict Data Project",2.0,0.0,1,2015-02-02
"ADRA Vanuatu",0.0,0.0,1,2015-02-02
"ALHASAN Systems Private Limited",1.0,6.0,4,2015-02-02
"American Red Cross",5.0,2.0,2,2015-02-02
"BRC Maps Team",0.0,2.0,1,2015-02-02
C4DLab,0.0,0.0,1,2015-02-02
"Canadian Red Cross",0.0,0.0,1,2015-02-02
"Caribbean GIS",0.0,1.0,1,2015-02-02
CartONG,1.0,0.0,1,2015-02-02
"Central University",0.0,1.0,1,2015-02-02
CODHES,0.0,2.0,1,2015-02-02
"Croix Rouge Côte d'ivoire",0.0,0.0,1,2015-02-02
DANE,0.0,0.0,1,2015-02-02
DFID,1.0,0.0,1,2015-02-02
"Direct Relief",4.0,1.0,4,2015-02-02
"Emergency Telecommunications Cluster",1.0,1.0,2,2015-02-02
"Food and Agriculture Organization (FAO)",0.0,1.0,1,2015-02-02
Flowminder,1.0,1.0,1,2015-02-02
"French Red Cross",1.0,0.0,1,2015-02-02
"Gapminder Foundation",3.0,0.0,1,2015-02-02
"Global CCCM Cluster",0.0,0.0,1,2015-02-02
"Global Data Lab (GDL)",1.0,1.0,1,2015-02-02
HDX,11.0,900.0,17,2015-02-02
"Humanitarian OpenStreetMap Team (HOT)",1.0,3.0,3,2015-02-02
"Human Rights Watch (HRW)",0.0,0.0,1,2015-02-02
"Humanitarian Exchange Language (HXL)",1.0,1.0,1,2015-02-02
"Humanity Road",0.0,0.0,1,2015-02-02
"ICRC DRC",0.0,0.0,1,2015-02-02
Info4Disasters,0.0,0.0,1,2015-02-02
InfoRM,1.0,1.0,1,2015-02-02
INNAGO,1.0,43.0,12,2015-02-02
InterAction,4.0,141.0,2,2015-02-02
"Internal Displacement Monitoring Centre (IDMC)",1.0,2.0,1,2015-02-02
"International Federation of Red Cross and Red Crescent Societies (IFRC)",2.0,0.0,1,2015-02-02
"International Organization for Migration",5.0,0.0,1,2015-02-02
"IOM Iraq",0.0,0.0,2,2015-02-02
"International Rescue Committee (HQ)",0.0,0.0,1,2015-02-02
"Italian Red Cross",0.0,0.0,1,2015-02-02
"Janssen Global Public Health",1.0,0.0,1,2015-02-02
JIPS,0.0,1.0,1,2015-02-02
"Kenya Open Data Initiative",3.0,13.0,4,2015-02-02
KoBo,0.0,1.0,7,2015-02-02
MapAction,2.0,2.0,5,2015-02-02
Medair,0.0,0.0,1,2015-02-02
"Médecins du Monde",0.0,1.0,1,2015-02-02
"Mercy Corps",0.0,0.0,1,2015-02-02
"MIT Government Lab",0.0,0.0,1,2015-02-02
NetHope,2.0,1.0,1,2015-02-02
"Observatory of Conflict and Violence Prevention (OCVP)",1.0,2.0,1,2015-02-02
"OCHA Afghanistan",0.0,1.0,1,2015-02-02
"OCHA BGSS",0.0,2.0,3,2015-02-02
"OCHA Colombia",9.0,47.0,15,2015-02-02
"OCHA DR Congo",0.0,4.0,1,2015-02-02
"OCHA FISS",0.0,2.0,3,2015-02-02
"OCHA FTS",0.0,0.0,1,2015-02-02
"OCHA Mali",1.0,11.0,3,2015-02-02
"OCHA Myanmar",0.0,0.0,1,2015-02-02
"OCHA Nepal",0.0,0.0,1,2015-02-02
"OCHA ORHC",0.0,0.0,1,2015-02-02
"OCHA Pakistan",0.0,0.0,1,2015-02-02
"UNOCHA Philippines",0.0,3.0,1,2015-02-02
"OCHA ROEA",4.0,139.0,9,2015-02-02
"OCHA ROWCA",0.0,5.0,5,2015-02-02
"OCHA Somalia",0.0,0.0,1,2015-02-02
"OCHA South Sudan",1.0,6.0,4,2015-02-02
"OCHA Yemen",1.0,15.0,1,2015-02-02
"OIM Colombia",1.0,0.0,1,2015-02-02
"Open Crisis",5.0,11.0,5,2015-02-02
OurAirports,0.0,236.0,1,2015-02-02
"Oxford Poverty & Human Development Initiative",0.0,4.0,1,2015-02-02
"REACH Initiative",0.0,0.0,1,2015-02-02
"Red Nacional de Informacion",2.0,1.0,1,2015-02-02
REFUNITE,0.0,0.0,1,2015-02-02
"Relief Applications",0.0,0.0,1,2015-02-02
"Small Arms Survey",0.0,1.0,4,2015-02-02
"Spatial Collective",1.0,6.0,3,2015-02-02
"Standby Task Force",4.0,7.0,3,2015-02-02
"Swiss Red Cross",0.0,0.0,1,2015-02-02
"TDH Lausanne",0.0,0.0,1,2015-02-02
"Terre des Hommes-Italia",0.0,0.0,1,2015-02-02
"U.S. DoD",1.0,8.0,1,2015-02-02
"OCHA HQ",2.0,1.0,4,2015-02-02
"UN Operational Satellite Applications Programme (UNOSAT)",1.0,3.0,1,2015-02-02
UNESCO,0.0,0.0,1,2015-02-02
UNHCR,3.0,5.0,1,2015-02-02
"UNHCR Colombia",2.0,1.0,1,2015-02-02
"UNHCR Kenya",0.0,0.0,1,2015-02-02
"UNHCR Niger",0.0,3.0,1,2015-02-02
"UNICEF Colombia",1.0,1.0,2,2015-02-02
"UNICEF ESARO",1.0,1.0,1,2015-02-02
"Unidad Nacional para la gestion del riesgo de desastres",1.0,1.0,1,2015-02-02
"Universidad Industrial de Santander",0.0,0.0,1,2015-02-02
"UNMAS Colombia",1.0,1.0,1,2015-02-02
UNMEER,14.0,17.0,42,2015-02-02
"U.S. Department of State - Humanitarian Information Unit",3.0,11.0,9,2015-02-02
Ushahidi,2.0,2.0,3,2015-02-02
"WASH Cluster Guinea",0.0,1.0,1,2015-02-02
"WFP - World Food Programme",6.0,25.0,15,2015-02-02
"World Health Organization",3.0,7.0,9,2015-02-02
"Young Pioneer Disaster Response (YPDR)",0.0,0.0,1,2015-02-02
ACAPS,6.0,1.0,1,2015-02-03
"Accion Contra el Hambre (ACF-Spain)",1.0,0.0,1,2015-02-03
"ACLED Conflict Data Project",2.0,1.0,1,2015-02-03
"ADRA Vanuatu",0.0,0.0,1,2015-02-03
"ALHASAN Systems Private Limited",1.0,6.0,4,2015-02-03
"American Red Cross",5.0,2.0,2,2015-02-03
"BRC Maps Team",0.0,2.0,1,2015-02-03
C4DLab,0.0,0.0,1,2015-02-03
"Canadian Red Cross",0.0,0.0,1,2015-02-03
"Caribbean GIS",0.0,1.0,1,2015-02-03
CartONG,1.0,0.0,1,2015-02-03
"Central University",0.0,1.0,1,2015-02-03
CODHES,0.0,2.0,1,2015-02-03
"Croix Rouge Côte d'ivoire",0.0,0.0,1,2015-02-03
DANE,0.0,0.0,1,2015-02-03
DFID,1.0,0.0,1,2015-02-03
"Direct Relief",4.0,1.0,4,2015-02-03
"Emergency Telecommunications Cluster",1.0,1.0,2,2015-02-03
"Food and Agriculture Organization (FAO)",0.0,1.0,1,2015-02-03
Flowminder,1.0,1.0,1,2015-02-03
"French Red Cross",1.0,0.0,1,2015-02-03
"Gapminder Foundation",3.0,0.0,1,2015-02-03
"Global CCCM Cluster",0.0,0.0,1,2015-02-03
"Global Data Lab (GDL)",1.0,1.0,1,2015-02-03
HDX,11.0,900.0,17,2015-02-03
"Humanitarian OpenStreetMap Team (HOT)",1.0,3.0,3,2015-02-03
"Human Rights Watch (HRW)",0.0,0.0,1,2015-02-03
"Humanitarian Exchange Language (HXL)",1.0,1.0,1,2015-02-03
"Humanity Road",0.0,0.0,1,2015-02-03
"ICRC DRC",0.0,0.0,1,2015-02-03
Info4Disasters,0.0,0.0,1,2015-02-03
InfoRM,1.0,1.0,1,2015-02-03
INNAGO,1.0,43.0,12,2015-02-03
InterAction,4.0,141.0,2,2015-02-03
"Internal Displacement Monitoring Centre (IDMC)",1.0,2.0,1,2015-02-03
"International Federation of Red Cross and Red Crescent Societies (IFRC)",2.0,0.0,1,2015-02-03
"International Organization for Migration",5.0,0.0,1,2015-02-03
"IOM Iraq",0.0,0.0,2,2015-02-03
"International Rescue Committee (HQ)",0.0,0.0,1,2015-02-03
"Italian Red Cross",0.0,0.0,1,2015-02-03
"Janssen Global Public Health",1.0,0.0,1,2015-02-03
JIPS,0.0,1.0,1,2015-02-03
"Kenya Open Data Initiative",3.0,19.0,4,2015-02-03
KoBo,0.0,1.0,7,2015-02-03
MapAction,2.0,2.0,5,2015-02-03
Medair,0.0,0.0,1,2015-02-03
"Médecins du Monde",0.0,1.0,1,2015-02-03
"Mercy Corps",0.0,0.0,1,2015-02-03
"MIT Government Lab",0.0,0.0,1,2015-02-03
NetHope,2.0,1.0,1,2015-02-03
"Observatory of Conflict and Violence Prevention (OCVP)",1.0,2.0,1,2015-02-03
"OCHA Afghanistan",0.0,1.0,1,2015-02-03
"OCHA BGSS",0.0,2.0,3,2015-02-03
"OCHA Colombia",9.0,47.0,15,2015-02-03
"OCHA DR Congo",0.0,4.0,1,2015-02-03
"OCHA FISS",0.0,2.0,3,2015-02-03
"OCHA FTS",0.0,0.0,1,2015-02-03
"OCHA Mali",1.0,11.0,3,2015-02-03
"OCHA Myanmar",0.0,0.0,1,2015-02-03
"OCHA Nepal",0.0,0.0,1,2015-02-03
"OCHA ORHC",0.0,0.0,1,2015-02-03
"OCHA Pakistan",0.0,0.0,1,2015-02-03
"UNOCHA Philippines",0.0,3.0,1,2015-02-03
"OCHA ROEA",4.0,139.0,9,2015-02-03
"OCHA ROWCA",0.0,5.0,5,2015-02-03
"OCHA Somalia",0.0,0.0,1,2015-02-03
"OCHA South Sudan",1.0,6.0,4,2015-02-03
"OCHA Yemen",1.0,15.0,1,2015-02-03
"OIM Colombia",1.0,0.0,1,2015-02-03
"Open Crisis",5.0,11.0,5,2015-02-03
OurAirports,0.0,236.0,1,2015-02-03
"Oxford Poverty & Human Development Initiative",0.0,4.0,1,2015-02-03
"REACH Initiative",0.0,0.0,1,2015-02-03
"Red Nacional de Informacion",2.0,1.0,1,2015-02-03
REFUNITE,0.0,0.0,1,2015-02-03
"Relief Applications",0.0,0.0,1,2015-02-03
"Small Arms Survey",0.0,1.0,4,2015-02-03
"Spatial Collective",1.0,6.0,3,2015-02-03
"Standby Task Force",4.0,7.0,3,2015-02-03
"Swiss Red Cross",0.0,0.0,1,2015-02-03
"TDH Lausanne",0.0,0.0,1,2015-02-03
"Terre des Hommes-Italia",0.0,0.0,1,2015-02-03
"U.S. DoD",1.0,8.0,1,2015-02-03
"OCHA HQ",2.0,1.0,4,2015-02-03
"UN Operational Satellite Applications Programme (UNOSAT)",1.0,2.0,1,2015-02-03
"UNESCO Jordan",0.0,0.0,1,2015-02-03
UNHCR,3.0,5.0,1,2015-02-03
"UNHCR Colombia",2.0,1.0,1,2015-02-03
"UNHCR Kenya",0.0,0.0,1,2015-02-03
"UNHCR Niger",0.0,3.0,1,2015-02-03
"UNICEF Colombia",1.0,1.0,2,2015-02-03
"UNICEF ESARO",1.0,1.0,1,2015-02-03
"Unidad Nacional para la gestion del riesgo de desastres",1.0,1.0,1,2015-02-03
"Universidad Industrial de Santander",0.0,0.0,1,2015-02-03
"UNMAS Colombia",1.0,1.0,1,2015-02-03
UNMEER,15.0,17.0,42,2015-02-03
"U.S. Department of State - Humanitarian Information Unit",3.0,11.0,10,2015-02-03
Ushahidi,2.0,2.0,3,2015-02-03
"WASH Cluster Guinea",0.0,1.0,1,2015-02-03
"WFP - World Food Programme",6.0,25.0,15,2015-02-03
"World Health Organization",3.0,7.0,9,2015-02-03
"Young Pioneer Disaster Response (YPDR)",0.0,0.0,1,2015-02-03
ACAPS,6.0,1.0,1,2015-02-04
"Accion Contra el Hambre (ACF-Spain)",1.0,0.0,1,2015-02-04
"ACLED Conflict Data Project",2.0,1.0,1,2015-02-04
"ADRA Vanuatu",0.0,0.0,1,2015-02-04
"ALHASAN Systems Private Limited",1.0,6.0,4,2015-02-04
"American Red Cross",5.0,2.0,2,2015-02-04
"BRC Maps Team",0.0,2.0,1,2015-02-04
C4DLab,0.0,0.0,1,2015-02-04
"Canadian Red Cross",0.0,0.0,1,2015-02-04
"Caribbean GIS",0.0,1.0,1,2015-02-04
CartONG,1.0,0.0,1,2015-02-04
"Central University",0.0,1.0,1,2015-02-04
CODHES,0.0,2.0,1,2015-02-04
"Croix Rouge Côte d'ivoire",0.0,0.0,1,2015-02-04
DANE,0.0,0.0,1,2015-02-04
DFID,1.0,0.0,1,2015-02-04
"Direct Relief",4.0,1.0,4,2015-02-04
"Emergency Telecommunications Cluster",1.0,1.0,2,2015-02-04
"Food and Agriculture Organization (FAO)",0.0,1.0,1,2015-02-04
Flowminder,1.0,1.0,1,2015-02-04
"French Red Cross",1.0,0.0,1,2015-02-04
"Gapminder Foundation",3.0,0.0,1,2015-02-04
"Global CCCM Cluster",0.0,0.0,1,2015-02-04
"Global Data Lab (GDL)",1.0,1.0,1,2015-02-04
HDX,11.0,893.0,17,2015-02-04
"Humanitarian OpenStreetMap Team (HOT)",1.0,3.0,3,2015-02-04
"Human Rights Watch (HRW)",0.0,0.0,1,2015-02-04
"Humanitarian Exchange Language (HXL)",1.0,1.0,1,2015-02-04
"Humanity Road",0.0,0.0,1,2015-02-04
"ICRC DRC",0.0,0.0,1,2015-02-04
Info4Disasters,0.0,0.0,1,2015-02-04
InfoRM,1.0,1.0,1,2015-02-04
INNAGO,1.0,43.0,12,2015-02-04
InterAction,4.0,141.0,2,2015-02-04
"Internal Displacement Monitoring Centre (IDMC)",1.0,2.0,1,2015-02-04
"International Federation of Red Cross and Red Crescent Societies (IFRC)",2.0,0.0,1,2015-02-04
"International Organization for Migration",5.0,0.0,1,2015-02-04
"IOM Iraq",0.0,0.0,2,2015-02-04
"International Rescue Committee (HQ)",0.0,0.0,1,2015-02-04
"Italian Red Cross",0.0,0.0,1,2015-02-04
"Janssen Global Public Health",1.0,0.0,1,2015-02-04
JIPS,0.0,1.0,1,2015-02-04
"Kenya Open Data Initiative",3.0,19.0,4,2015-02-04
KoBo,0.0,1.0,7,2015-02-04
MapAction,2.0,2.0,5,2015-02-04
Medair,0.0,0.0,1,2015-02-04
"Médecins du Monde",0.0,1.0,1,2015-02-04
"Mercy Corps",0.0,0.0,1,2015-02-04
"MIT Government Lab",0.0,0.0,1,2015-02-04
NetHope,2.0,1.0,1,2015-02-04
"Observatory of Conflict and Violence Prevention (OCVP)",1.0,2.0,1,2015-02-04
"OCHA Afghanistan",0.0,1.0,1,2015-02-04
"OCHA BGSS",0.0,2.0,3,2015-02-04
"OCHA Colombia",10.0,47.0,15,2015-02-04
"OCHA DR Congo",0.0,4.0,1,2015-02-04
"OCHA FISS",0.0,2.0,3,2015-02-04
"OCHA FTS",0.0,0.0,1,2015-02-04
"OCHA Mali",1.0,11.0,3,2015-02-04
"OCHA Myanmar",0.0,0.0,1,2015-02-04
"OCHA Nepal",0.0,0.0,1,2015-02-04
"OCHA ORHC",0.0,0.0,1,2015-02-04
"OCHA Pakistan",0.0,0.0,1,2015-02-04
"UNOCHA Philippines",0.0,3.0,1,2015-02-04
"OCHA ROEA",4.0,139.0,9,2015-02-04
"OCHA ROWCA",0.0,5.0,5,2015-02-04
"OCHA Somalia",0.0,0.0,1,2015-02-04
"OCHA South Sudan",1.0,6.0,4,2015-02-04
"OCHA Yemen",1.0,15.0,1,2015-02-04
"OIM Colombia",1.0,0.0,1,2015-02-04
"Open Crisis",5.0,11.0,5,2015-02-04
OurAirports,0.0,236.0,1,2015-02-04
"Oxford Poverty & Human Development Initiative",0.0,4.0,1,2015-02-04
"REACH Initiative",0.0,0.0,1,2015-02-04
"Red Nacional de Informacion",2.0,1.0,1,2015-02-04
REFUNITE,0.0,0.0,1,2015-02-04
"Relief Applications",0.0,0.0,1,2015-02-04
"Small Arms Survey",0.0,1.0,4,2015-02-04
"Spatial Collective",1.0,6.0,3,2015-02-04
"Standby Task Force",4.0,7.0,3,2015-02-04
"Swiss Red Cross",0.0,0.0,1,2015-02-04
"TDH Lausanne",0.0,0.0,1,2015-02-04
"Terre des Hommes-Italia",0.0,0.0,1,2015-02-04
"U.S. DoD",1.0,8.0,1,2015-02-04
"OCHA HQ",2.0,1.0,4,2015-02-04
"UN Operational Satellite Applications Programme (UNOSAT)",1.0,2.0,1,2015-02-04
"UNESCO Jordan",0.0,0.0,1,2015-02-04
UNHCR,3.0,5.0,1,2015-02-04
"UNHCR Colombia",2.0,1.0,1,2015-02-04
"UNHCR Kenya",0.0,0.0,1,2015-02-04
"UNHCR Niger",0.0,3.0,1,2015-02-04
"UNICEF Colombia",1.0,1.0,2,2015-02-04
"UNICEF ESARO",1.0,1.0,1,2015-02-04
"Unidad Nacional para la gestion del riesgo de desastres",1.0,1.0,1,2015-02-04
"Universidad Industrial de Santander",0.0,0.0,1,2015-02-04
"UNMAS Colombia",1.0,1.0,1,2015-02-04
UNMEER,15.0,17.0,42,2015-02-04
"U.S. Department of State - Humanitarian Information Unit",3.0,11.0,10,2015-02-04
Ushahidi,2.0,2.0,3,2015-02-04
"WASH Cluster Guinea",0.0,1.0,1,2015-02-04
"WFP - World Food Programme",6.0,25.0,15,2015-02-04
"World Health Organization",3.0,7.0,9,2015-02-04
"Young Pioneer Disaster Response (YPDR)",0.0,0.0,1,2015-02-04
ACAPS,6.0,1.0,1,2015-02-05
"Accion Contra el Hambre (ACF-Spain)",1.0,1.0,1,2015-02-05
"ACLED Conflict Data Project",3.0,1.0,1,2015-02-05
"ADRA Vanuatu",0.0,0.0,1,2015-02-05
"ALHASAN Systems Private Limited",1.0,6.0,4,2015-02-05
"American Red Cross",5.0,2.0,2,2015-02-05
"BRC Maps Team",0.0,2.0,1,2015-02-05
C4DLab,0.0,0.0,1,2015-02-05
"Canadian Red Cross",0.0,0.0,1,2015-02-05
"Caribbean GIS",0.0,1.0,1,2015-02-05
CartONG,1.0,0.0,1,2015-02-05
"Central University",0.0,1.0,1,2015-02-05
CODHES,0.0,2.0,1,2015-02-05
"Croix Rouge Côte d'ivoire",0.0,0.0,1,2015-02-05
DANE,0.0,0.0,1,2015-02-05
DFID,1.0,0.0,1,2015-02-05
"Direct Relief",4.0,1.0,4,2015-02-05
"Emergency Telecommunications Cluster",1.0,1.0,2,2015-02-05
"Food and Agriculture Organization (FAO)",0.0,1.0,1,2015-02-05
Flowminder,1.0,1.0,1,2015-02-05
"French Red Cross",1.0,0.0,1,2015-02-05
"Gapminder Foundation",3.0,0.0,1,2015-02-05
"Global CCCM Cluster",0.0,0.0,1,2015-02-05
"Global Data Lab (GDL)",1.0,1.0,1,2015-02-05
HDX,11.0,893.0,17,2015-02-05
"Humanitarian OpenStreetMap Team (HOT)",1.0,3.0,3,2015-02-05
"Human Rights Watch (HRW)",0.0,0.0,1,2015-02-05
"Humanitarian Exchange Language (HXL)",1.0,1.0,1,2015-02-05
"Humanity Road",0.0,0.0,1,2015-02-05
"ICRC DRC",0.0,0.0,1,2015-02-05
Info4Disasters,0.0,0.0,1,2015-02-05
InfoRM,1.0,1.0,1,2015-02-05
INNAGO,1.0,43.0,12,2015-02-05
InterAction,4.0,141.0,2,2015-02-05
"Internal Displacement Monitoring Centre (IDMC)",1.0,2.0,1,2015-02-05
"International Federation of Red Cross and Red Crescent Societies (IFRC)",2.0,0.0,1,2015-02-05
"International Organization for Migration",5.0,0.0,1,2015-02-05
"IOM Iraq",0.0,0.0,2,2015-02-05
"International Rescue Committee (HQ)",0.0,0.0,1,2015-02-05
"Italian Red Cross",0.0,0.0,1,2015-02-05
"Janssen Global Public Health",1.0,0.0,1,2015-02-05
JIPS,0.0,1.0,1,2015-02-05
"Kenya Open Data Initiative",3.0,19.0,4,2015-02-05
KoBo,0.0,1.0,7,2015-02-05
MapAction,2.0,2.0,5,2015-02-05
Medair,0.0,0.0,1,2015-02-05
"Médecins du Monde",0.0,1.0,1,2015-02-05
"Mercy Corps",0.0,0.0,1,2015-02-05
"MIT Government Lab",0.0,0.0,1,2015-02-05
NetHope,2.0,1.0,1,2015-02-05
"Observatory of Conflict and Violence Prevention (OCVP)",2.0,2.0,1,2015-02-05
"OCHA Afghanistan",0.0,1.0,1,2015-02-05
"OCHA BGSS",0.0,2.0,3,2015-02-05
"OCHA Colombia",10.0,47.0,15,2015-02-05
"OCHA DR Congo",0.0,4.0,1,2015-02-05
"OCHA FISS",0.0,2.0,3,2015-02-05
"OCHA FTS",0.0,0.0,1,2015-02-05
"OCHA Mali",1.0,11.0,3,2015-02-05
"OCHA Myanmar",0.0,0.0,1,2015-02-05
"OCHA Nepal",0.0,0.0,1,2015-02-05
"OCHA ORHC",0.0,0.0,1,2015-02-05
"OCHA Pakistan",0.0,0.0,1,2015-02-05
"UNOCHA Philippines",0.0,3.0,1,2015-02-05
"OCHA ROEA",4.0,139.0,9,2015-02-05
"OCHA ROWCA",0.0,5.0,5,2015-02-05
"OCHA Somalia",0.0,0.0,1,2015-02-05
"OCHA South Sudan",1.0,6.0,4,2015-02-05
"OCHA Yemen",1.0,15.0,1,2015-02-05
"OIM Colombia",1.0,0.0,1,2015-02-05
"Open Crisis",5.0,11.0,5,2015-02-05
OurAirports,0.0,236.0,1,2015-02-05
"Oxford Poverty & Human Development Initiative",0.0,4.0,1,2015-02-05
"REACH Initiative",0.0,0.0,1,2015-02-05
"Red Nacional de Informacion",2.0,1.0,1,2015-02-05
REFUNITE,0.0,0.0,1,2015-02-05
"Relief Applications",0.0,0.0,1,2015-02-05
"Small Arms Survey",0.0,1.0,4,2015-02-05
"Spatial Collective",1.0,6.0,3,2015-02-05
"Standby Task Force",4.0,7.0,3,2015-02-05
"Swiss Red Cross",0.0,0.0,1,2015-02-05
"TDH Lausanne",0.0,0.0,1,2015-02-05
"Terre des Hommes-Italia",0.0,0.0,1,2015-02-05
"U.S. DoD",1.0,8.0,1,2015-02-05
"OCHA HQ",2.0,1.0,4,2015-02-05
"UN Operational Satellite Applications Programme (UNOSAT)",1.0,2.0,1,2015-02-05
"UNESCO Jordan",0.0,0.0,1,2015-02-05
UNHCR,3.0,5.0,1,2015-02-05
"UNHCR Colombia",2.0,1.0,1,2015-02-05
"UNHCR Kenya",0.0,0.0,1,2015-02-05
"UNHCR Niger",0.0,3.0,1,2015-02-05
"UNICEF Colombia",1.0,1.0,2,2015-02-05
"UNICEF ESARO",1.0,1.0,1,2015-02-05
"Unidad Nacional para la gestion del riesgo de desastres",1.0,1.0,1,2015-02-05
"Universidad Industrial de Santander",0.0,0.0,1,2015-02-05
"UNMAS Colombia",1.0,1.0,1,2015-02-05
UNMEER,15.0,17.0,42,2015-02-05
"U.S. Department of State - Humanitarian Information Unit",3.0,11.0,10,2015-02-05
Ushahidi,2.0,2.0,3,2015-02-05
"WASH Cluster Guinea",0.0,1.0,1,2015-02-05
"WFP - World Food Programme",6.0,25.0,15,2015-02-05
"World Health Organization",3.0,7.0,9,2015-02-05
"Young Pioneer Disaster Response (YPDR)",0.0,0.0,1,2015-02-05
ACAPS,6.0,1.0,1,2015-02-06
"Accion Contra el Hambre (ACF-Spain)",1.0,1.0,1,2015-02-06
"ACLED Conflict Data Project",3.0,1.0,1,2015-02-06
"ADRA Vanuatu",0.0,0.0,1,2015-02-06
"ALHASAN Systems Private Limited",1.0,6.0,4,2015-02-06
"American Red Cross",5.0,2.0,2,2015-02-06
"BRC Maps Team",0.0,2.0,1,2015-02-06
C4DLab,0.0,0.0,1,2015-02-06
"Canadian Red Cross",0.0,0.0,1,2015-02-06
"Caribbean GIS",0.0,1.0,1,2015-02-06
CartONG,1.0,0.0,1,2015-02-06
"Central University",0.0,1.0,1,2015-02-06
CODHES,0.0,2.0,1,2015-02-06
"Croix Rouge Côte d'ivoire",0.0,0.0,1,2015-02-06
DANE,0.0,0.0,1,2015-02-06
DFID,1.0,0.0,1,2015-02-06
"Direct Relief",4.0,1.0,4,2015-02-06
"Emergency Telecommunications Cluster",1.0,1.0,2,2015-02-06
"Food and Agriculture Organization (FAO)",0.0,1.0,1,2015-02-06
Flowminder,1.0,1.0,1,2015-02-06
"French Red Cross",1.0,0.0,1,2015-02-06
"Gapminder Foundation",3.0,0.0,1,2015-02-06
"Global CCCM Cluster",0.0,0.0,1,2015-02-06
"Global Data Lab (GDL)",1.0,1.0,1,2015-02-06
HDX,11.0,893.0,17,2015-02-06
"Humanitarian OpenStreetMap Team (HOT)",1.0,3.0,3,2015-02-06
"Human Rights Watch (HRW)",0.0,0.0,1,2015-02-06
"Humanitarian Exchange Language (HXL)",1.0,1.0,1,2015-02-06
"Humanity Road",0.0,0.0,1,2015-02-06
"ICRC DRC",0.0,0.0,1,2015-02-06
Info4Disasters,0.0,0.0,1,2015-02-06
InfoRM,1.0,1.0,1,2015-02-06
INNAGO,1.0,44.0,12,2015-02-06
InterAction,4.0,141.0,2,2015-02-06
"Internal Displacement Monitoring Centre (IDMC)",1.0,2.0,1,2015-02-06
"International Federation of Red Cross and Red Crescent Societies (IFRC)",2.0,0.0,1,2015-02-06
"International Organization for Migration",5.0,0.0,1,2015-02-06
"IOM Iraq",0.0,0.0,2,2015-02-06
"International Rescue Committee (HQ)",0.0,0.0,1,2015-02-06
"Italian Red Cross",0.0,0.0,1,2015-02-06
"Janssen Global Public Health",1.0,0.0,1,2015-02-06
JIPS,0.0,1.0,1,2015-02-06
"Kenya Open Data Initiative",3.0,19.0,4,2015-02-06
KoBo,0.0,1.0,7,2015-02-06
MapAction,2.0,2.0,5,2015-02-06
Medair,0.0,0.0,1,2015-02-06
"Médecins du Monde",0.0,1.0,1,2015-02-06
"Mercy Corps",0.0,0.0,1,2015-02-06
"MIT Government Lab",0.0,0.0,1,2015-02-06
NetHope,2.0,1.0,1,2015-02-06
"Observatory of Conflict and Violence Prevention (OCVP)",2.0,2.0,1,2015-02-06
"OCHA Afghanistan",0.0,1.0,1,2015-02-06
"OCHA BGSS",0.0,2.0,3,2015-02-06
"OCHA Colombia",10.0,47.0,15,2015-02-06
"OCHA DR Congo",0.0,4.0,1,2015-02-06
"OCHA FISS",0.0,2.0,3,2015-02-06
"OCHA FTS",0.0,0.0,1,2015-02-06
"OCHA Mali",1.0,11.0,3,2015-02-06
"OCHA Myanmar",0.0,0.0,1,2015-02-06
"OCHA Nepal",0.0,0.0,1,2015-02-06
"OCHA ORHC",0.0,0.0,1,2015-02-06
"OCHA Pakistan",0.0,0.0,1,2015-02-06
"UNOCHA Philippines",0.0,3.0,1,2015-02-06
"OCHA ROEA",4.0,139.0,9,2015-02-06
"OCHA ROWCA",0.0,5.0,5,2015-02-06
"OCHA Somalia",0.0,0.0,1,2015-02-06
"OCHA South Sudan",1.0,6.0,4,2015-02-06
"OCHA Yemen",1.0,15.0,1,2015-02-06
"OIM Colombia",1.0,0.0,1,2015-02-06
"Open Crisis",5.0,11.0,5,2015-02-06
OurAirports,0.0,236.0,1,2015-02-06
"Oxford Poverty & Human Development Initiative",0.0,4.0,1,2015-02-06
"REACH Initiative",0.0,0.0,1,2015-02-06
"Red Nacional de Informacion",2.0,1.0,1,2015-02-06
REFUNITE,0.0,0.0,1,2015-02-06
"Relief Applications",0.0,0.0,1,2015-02-06
"Small Arms Survey",0.0,1.0,4,2015-02-06
"Spatial Collective",1.0,6.0,3,2015-02-06
"Standby Task Force",4.0,7.0,3,2015-02-06
"Swiss Red Cross",0.0,0.0,1,2015-02-06
"TDH Lausanne",0.0,0.0,1,2015-02-06
"Terre des Hommes-Italia",0.0,0.0,1,2015-02-06
"U.S. DoD",1.0,8.0,1,2015-02-06
"OCHA HQ",2.0,1.0,4,2015-02-06
"UN Operational Satellite Applications Programme (UNOSAT)",1.0,2.0,1,2015-02-06
"UNESCO Jordan",0.0,0.0,1,2015-02-06
UNHCR,3.0,5.0,1,2015-02-06
"UNHCR Colombia",2.0,1.0,1,2015-02-06
"UNHCR Kenya",0.0,0.0,1,2015-02-06
"UNHCR Niger",0.0,3.0,1,2015-02-06
"UNICEF Colombia",1.0,1.0,2,2015-02-06
"UNICEF ESARO",1.0,1.0,1,2015-02-06
"Unidad Nacional para la gestion del riesgo de desastres",1.0,1.0,1,2015-02-06
"Universidad Industrial de Santander",0.0,0.0,1,2015-02-06
"UNMAS Colombia",1.0,1.0,1,2015-02-06
UNMEER,15.0,17.0,42,2015-02-06
"U.S. Department of State - Humanitarian Information Unit",3.0,11.0,11,2015-02-06
Ushahidi,2.0,2.0,3,2015-02-06
"WASH Cluster Guinea",0.0,1.0,1,2015-02-06
"WFP - World Food Programme",6.0,25.0,15,2015-02-06
"World Health Organization",3.0,7.0,9,2015-02-06
"Young Pioneer Disaster Response (YPDR)",0.0,0.0,1,2015-02-06
ACAPS,6.0,1.0,1,2015-02-07
"Accion Contra el Hambre (ACF-Spain)",1.0,1.0,1,2015-02-07
"ACLED Conflict Data Project",3.0,1.0,1,2015-02-07
"ADRA Vanuatu",0.0,0.0,1,2015-02-07
"ALHASAN Systems Private Limited",1.0,6.0,4,2015-02-07
"American Red Cross",5.0,2.0,2,2015-02-07
"BRC Maps Team",0.0,2.0,1,2015-02-07
C4DLab,0.0,0.0,1,2015-02-07
"Canadian Red Cross",0.0,0.0,1,2015-02-07
"Caribbean GIS",0.0,1.0,1,2015-02-07
CartONG,1.0,0.0,1,2015-02-07
"Central University",0.0,1.0,1,2015-02-07
CODHES,0.0,2.0,1,2015-02-07
"Croix Rouge Côte d'ivoire",0.0,0.0,1,2015-02-07
DANE,0.0,0.0,1,2015-02-07
DFID,1.0,0.0,1,2015-02-07
"Direct Relief",4.0,1.0,4,2015-02-07
"Emergency Telecommunications Cluster",1.0,1.0,2,2015-02-07
"Food and Agriculture Organization (FAO)",0.0,1.0,1,2015-02-07
Flowminder,1.0,1.0,1,2015-02-07
"French Red Cross",1.0,0.0,1,2015-02-07
"Gapminder Foundation",3.0,0.0,1,2015-02-07
"Global CCCM Cluster",0.0,0.0,1,2015-02-07
"Global Data Lab (GDL)",1.0,1.0,1,2015-02-07
HDX,11.0,893.0,17,2015-02-07
"Humanitarian OpenStreetMap Team (HOT)",1.0,3.0,3,2015-02-07
"Human Rights Watch (HRW)",0.0,0.0,1,2015-02-07
"Humanitarian Exchange Language (HXL)",1.0,1.0,1,2015-02-07
"Humanity Road",0.0,0.0,1,2015-02-07
"ICRC DRC",0.0,0.0,1,2015-02-07
Info4Disasters,0.0,0.0,1,2015-02-07
InfoRM,1.0,1.0,1,2015-02-07
INNAGO,1.0,45.0,12,2015-02-07
InterAction,4.0,141.0,2,2015-02-07
"Internal Displacement Monitoring Centre (IDMC)",1.0,2.0,1,2015-02-07
"International Federation of Red Cross and Red Crescent Societies (IFRC)",2.0,0.0,1,2015-02-07
"International Organization for Migration",5.0,0.0,1,2015-02-07
"IOM Iraq",0.0,0.0,2,2015-02-07
"International Rescue Committee (HQ)",0.0,0.0,1,2015-02-07
"Italian Red Cross",0.0,0.0,1,2015-02-07
"Janssen Global Public Health",1.0,0.0,1,2015-02-07
JIPS,0.0,1.0,1,2015-02-07
"Kenya Open Data Initiative",3.0,19.0,4,2015-02-07
KoBo,0.0,1.0,7,2015-02-07
MapAction,2.0,2.0,5,2015-02-07
Medair,0.0,0.0,1,2015-02-07
"Médecins du Monde",0.0,1.0,1,2015-02-07
"Mercy Corps",0.0,0.0,1,2015-02-07
"MIT Government Lab",0.0,0.0,1,2015-02-07
NetHope,2.0,1.0,1,2015-02-07
"Observatory of Conflict and Violence Prevention (OCVP)",2.0,2.0,1,2015-02-07
"OCHA Afghanistan",0.0,1.0,1,2015-02-07
"OCHA BGSS",0.0,2.0,3,2015-02-07
"OCHA Colombia",10.0,47.0,15,2015-02-07
"OCHA DR Congo",0.0,4.0,1,2015-02-07
"OCHA FISS",0.0,2.0,3,2015-02-07
"OCHA FTS",0.0,0.0,1,2015-02-07
"OCHA Mali",1.0,11.0,3,2015-02-07
"OCHA Myanmar",0.0,0.0,1,2015-02-07
"OCHA Nepal",0.0,0.0,1,2015-02-07
"OCHA ORHC",0.0,0.0,1,2015-02-07
"OCHA Pakistan",0.0,0.0,1,2015-02-07
"UNOCHA Philippines",0.0,3.0,1,2015-02-07
"OCHA ROEA",4.0,139.0,9,2015-02-07
"OCHA ROWCA",0.0,5.0,5,2015-02-07
"OCHA Somalia",0.0,0.0,1,2015-02-07
"OCHA South Sudan",1.0,6.0,4,2015-02-07
"OCHA Yemen",1.0,15.0,1,2015-02-07
"OIM Colombia",1.0,0.0,1,2015-02-07
"Open Crisis",5.0,11.0,5,2015-02-07
OurAirports,0.0,236.0,1,2015-02-07
"Oxford Poverty & Human Development Initiative",0.0,4.0,1,2015-02-07
"REACH Initiative",0.0,0.0,1,2015-02-07
"Red Nacional de Informacion",2.0,1.0,1,2015-02-07
REFUNITE,0.0,0.0,1,2015-02-07
"Relief Applications",0.0,0.0,1,2015-02-07
"Small Arms Survey",0.0,1.0,4,2015-02-07
"Spatial Collective",1.0,6.0,3,2015-02-07
"Standby Task Force",4.0,7.0,3,2015-02-07
"Swiss Red Cross",0.0,0.0,1,2015-02-07
"TDH Lausanne",0.0,0.0,1,2015-02-07
"Terre des Hommes-Italia",0.0,0.0,1,2015-02-07
"U.S. DoD",1.0,8.0,1,2015-02-07
"OCHA HQ",2.0,1.0,4,2015-02-07
"UN Operational Satellite Applications Programme (UNOSAT)",1.0,2.0,1,2015-02-07
"UNESCO Jordan",0.0,0.0,1,2015-02-07
UNHCR,3.0,5.0,1,2015-02-07
"UNHCR Colombia",2.0,1.0,1,2015-02-07
"UNHCR Kenya",0.0,0.0,1,2015-02-07
"UNHCR Niger",0.0,3.0,1,2015-02-07
"UNICEF Colombia",1.0,1.0,2,2015-02-07
"UNICEF ESARO",1.0,1.0,1,2015-02-07
"Unidad Nacional para la gestion del riesgo de desastres",1.0,1.0,1,2015-02-07
"United Nations Office for Disaster Risk Reduction (UNISDR)",0.0,0.0,1,2015-02-07
"Universidad Industrial de Santander",0.0,0.0,1,2015-02-07
"UNMAS Colombia",1.0,1.0,1,2015-02-07
UNMEER,15.0,17.0,42,2015-02-07
"U.S. Department of State - Humanitarian Information Unit",3.0,11.0,11,2015-02-07
Ushahidi,2.0,2.0,3,2015-02-07
"WASH Cluster Guinea",0.0,1.0,1,2015-02-07
"WFP - World Food Programme",6.0,31.0,15,2015-02-07
"World Health Organization",3.0,7.0,9,2015-02-07
"Young Pioneer Disaster Response (YPDR)",0.0,0.0,1,2015-02-07
ACAPS,6.0,1.0,1,2015-02-08
"Accion Contra el Hambre (ACF-Spain)",1.0,1.0,1,2015-02-08
"ACLED Conflict Data Project",3.0,1.0,1,2015-02-08
"ADRA Vanuatu",0.0,0.0,1,2015-02-08
"ALHASAN Systems Private Limited",1.0,6.0,4,2015-02-08
"American Red Cross",5.0,2.0,2,2015-02-08
"BRC Maps Team",0.0,2.0,1,2015-02-08
C4DLab,0.0,0.0,1,2015-02-08
"Canadian Red Cross",0.0,0.0,1,2015-02-08
"Caribbean GIS",0.0,1.0,1,2015-02-08
CartONG,1.0,0.0,1,2015-02-08
"Central University",0.0,1.0,1,2015-02-08
CODHES,0.0,2.0,1,2015-02-08
"Croix Rouge Côte d'ivoire",0.0,0.0,1,2015-02-08
DANE,0.0,0.0,1,2015-02-08
DFID,1.0,0.0,1,2015-02-08
"Direct Relief",4.0,1.0,4,2015-02-08
"Emergency Telecommunications Cluster",1.0,1.0,2,2015-02-08
"Food and Agriculture Organization (FAO)",0.0,1.0,1,2015-02-08
Flowminder,1.0,1.0,1,2015-02-08
"French Red Cross",1.0,0.0,1,2015-02-08
"Gapminder Foundation",3.0,0.0,1,2015-02-08
"Global CCCM Cluster",0.0,0.0,1,2015-02-08
"Global Data Lab (GDL)",1.0,1.0,1,2015-02-08
HDX,11.0,893.0,17,2015-02-08
"Humanitarian OpenStreetMap Team (HOT)",1.0,3.0,3,2015-02-08
"Human Rights Watch (HRW)",0.0,0.0,1,2015-02-08
"Humanitarian Exchange Language (HXL)",1.0,1.0,1,2015-02-08
"Humanity Road",0.0,0.0,1,2015-02-08
"ICRC DRC",0.0,0.0,1,2015-02-08
Info4Disasters,0.0,0.0,1,2015-02-08
InfoRM,1.0,1.0,1,2015-02-08
INNAGO,1.0,45.0,12,2015-02-08
InterAction,4.0,141.0,2,2015-02-08
"Internal Displacement Monitoring Centre (IDMC)",1.0,2.0,1,2015-02-08
"International Federation of Red Cross and Red Crescent Societies (IFRC)",2.0,0.0,1,2015-02-08
"International Organization for Migration",5.0,0.0,1,2015-02-08
"IOM Iraq",0.0,0.0,2,2015-02-08
"International Rescue Committee (HQ)",0.0,0.0,1,2015-02-08
"Italian Red Cross",0.0,0.0,1,2015-02-08
"Janssen Global Public Health",1.0,0.0,1,2015-02-08
JIPS,0.0,1.0,1,2015-02-08
"Kenya Open Data Initiative",3.0,19.0,4,2015-02-08
KoBo,0.0,1.0,7,2015-02-08
MapAction,2.0,2.0,5,2015-02-08
Medair,0.0,0.0,1,2015-02-08
"Médecins du Monde",0.0,1.0,1,2015-02-08
"Mercy Corps",0.0,0.0,1,2015-02-08
"MIT Government Lab",0.0,0.0,1,2015-02-08
NetHope,2.0,1.0,1,2015-02-08
"Observatory of Conflict and Violence Prevention (OCVP)",2.0,2.0,1,2015-02-08
"OCHA Afghanistan",0.0,1.0,1,2015-02-08
"OCHA BGSS",0.0,2.0,3,2015-02-08
"OCHA Colombia",10.0,47.0,15,2015-02-08
"OCHA DR Congo",0.0,4.0,1,2015-02-08
"OCHA FISS",0.0,2.0,3,2015-02-08
"OCHA FTS",0.0,0.0,1,2015-02-08
"OCHA Mali",1.0,11.0,3,2015-02-08
"OCHA Myanmar",0.0,0.0,1,2015-02-08
"OCHA Nepal",0.0,0.0,1,2015-02-08
"OCHA ORHC",0.0,0.0,1,2015-02-08
"OCHA Pakistan",0.0,0.0,1,2015-02-08
"UNOCHA Philippines",0.0,3.0,1,2015-02-08
"OCHA ROEA",4.0,139.0,9,2015-02-08
"OCHA ROWCA",0.0,5.0,5,2015-02-08
"OCHA Somalia",0.0,0.0,1,2015-02-08
"OCHA South Sudan",1.0,6.0,4,2015-02-08
"OCHA Yemen",1.0,15.0,1,2015-02-08
"OIM Colombia",1.0,0.0,1,2015-02-08
"Open Crisis",5.0,11.0,5,2015-02-08
OurAirports,0.0,236.0,1,2015-02-08
"Oxford Poverty & Human Development Initiative",0.0,4.0,1,2015-02-08
"REACH Initiative",0.0,0.0,1,2015-02-08
"Red Nacional de Informacion",2.0,1.0,1,2015-02-08
REFUNITE,0.0,0.0,1,2015-02-08
"Relief Applications",0.0,0.0,1,2015-02-08
"Small Arms Survey",0.0,1.0,4,2015-02-08
"Spatial Collective",1.0,6.0,3,2015-02-08
"Standby Task Force",4.0,7.0,3,2015-02-08
"Swiss Red Cross",0.0,0.0,1,2015-02-08
"TDH Lausanne",0.0,0.0,1,2015-02-08
"Terre des Hommes-Italia",0.0,0.0,1,2015-02-08
"U.S. DoD",1.0,8.0,1,2015-02-08
"OCHA HQ",2.0,1.0,4,2015-02-08
"UN Operational Satellite Applications Programme (UNOSAT)",1.0,2.0,1,2015-02-08
"UNESCO Jordan",0.0,0.0,1,2015-02-08
UNHCR,3.0,5.0,1,2015-02-08
"UNHCR Colombia",2.0,1.0,1,2015-02-08
"UNHCR Kenya",0.0,0.0,1,2015-02-08
"UNHCR Niger",0.0,3.0,1,2015-02-08
"UNICEF Colombia",1.0,1.0,2,2015-02-08
"UNICEF ESARO",1.0,1.0,1,2015-02-08
"Unidad Nacional para la gestion del riesgo de desastres",1.0,1.0,1,2015-02-08
"United Nations Office for Disaster Risk Reduction (UNISDR)",0.0,0.0,1,2015-02-08
"Universidad Industrial de Santander",0.0,0.0,1,2015-02-08
"UNMAS Colombia",1.0,1.0,1,2015-02-08
UNMEER,15.0,17.0,43,2015-02-08
"U.S. Department of State - Humanitarian Information Unit",3.0,11.0,11,2015-02-08
Ushahidi,2.0,2.0,3,2015-02-08
"WASH Cluster Guinea",0.0,1.0,1,2015-02-08
"WFP - World Food Programme",6.0,31.0,15,2015-02-08
"World Health Organization",3.0,7.0,9,2015-02-08
"Young Pioneer Disaster Response (YPDR)",0.0,0.0,1,2015-02-08
ACAPS,6.0,1.0,1,2015-02-09
"Accion Contra el Hambre (ACF-Spain)",1.0,1.0,1,2015-02-09
"ACLED Conflict Data Project",3.0,1.0,1,2015-02-09
"ADRA Vanuatu",0.0,0.0,1,2015-02-09
"ALHASAN Systems Private Limited",1.0,6.0,4,2015-02-09
"American Red Cross",5.0,2.0,2,2015-02-09
"BRC Maps Team",0.0,2.0,1,2015-02-09
C4DLab,0.0,0.0,1,2015-02-09
"Canadian Red Cross",0.0,0.0,1,2015-02-09
"Caribbean GIS",0.0,1.0,1,2015-02-09
CartONG,1.0,0.0,1,2015-02-09
"Central University",0.0,1.0,1,2015-02-09
CODHES,0.0,2.0,1,2015-02-09
"Croix Rouge Côte d'ivoire",0.0,0.0,1,2015-02-09
DANE,0.0,0.0,1,2015-02-09
DFID,1.0,0.0,1,2015-02-09
"Direct Relief",4.0,1.0,4,2015-02-09
"Emergency Telecommunications Cluster",1.0,1.0,2,2015-02-09
"Food and Agriculture Organization (FAO)",0.0,1.0,1,2015-02-09
Flowminder,1.0,1.0,1,2015-02-09
"French Red Cross",1.0,0.0,1,2015-02-09
"Gapminder Foundation",3.0,0.0,1,2015-02-09
"Global CCCM Cluster",0.0,0.0,1,2015-02-09
"Global Data Lab (GDL)",1.0,1.0,1,2015-02-09
HDX,11.0,893.0,17,2015-02-09
"Humanitarian OpenStreetMap Team (HOT)",1.0,3.0,3,2015-02-09
"Human Rights Watch (HRW)",0.0,0.0,1,2015-02-09
"Humanitarian Exchange Language (HXL)",1.0,1.0,1,2015-02-09
"Humanity Road",0.0,0.0,1,2015-02-09
"ICRC DRC",0.0,0.0,1,2015-02-09
Info4Disasters,0.0,0.0,1,2015-02-09
InfoRM,1.0,1.0,1,2015-02-09
INNAGO,1.0,45.0,12,2015-02-09
InterAction,4.0,141.0,2,2015-02-09
"Internal Displacement Monitoring Centre (IDMC)",1.0,2.0,1,2015-02-09
"International Federation of Red Cross and Red Crescent Societies (IFRC)",2.0,0.0,1,2015-02-09
"International Organization for Migration",5.0,0.0,1,2015-02-09
"IOM Iraq",0.0,0.0,2,2015-02-09
"International Rescue Committee (HQ)",0.0,0.0,1,2015-02-09
"Italian Red Cross",0.0,0.0,1,2015-02-09
"Janssen Global Public Health",1.0,0.0,1,2015-02-09
JIPS,0.0,1.0,1,2015-02-09
"Kenya Open Data Initiative",3.0,19.0,4,2015-02-09
KoBo,0.0,1.0,7,2015-02-09
MapAction,2.0,2.0,5,2015-02-09
Medair,0.0,0.0,1,2015-02-09
"Médecins du Monde",0.0,1.0,1,2015-02-09
"Mercy Corps",0.0,0.0,1,2015-02-09
"MIT Government Lab",0.0,0.0,1,2015-02-09
NetHope,2.0,1.0,1,2015-02-09
"Observatory of Conflict and Violence Prevention (OCVP)",2.0,2.0,1,2015-02-09
"OCHA Afghanistan",0.0,1.0,1,2015-02-09
"OCHA BGSS",0.0,2.0,3,2015-02-09
"OCHA Colombia",10.0,47.0,15,2015-02-09
"OCHA DR Congo",0.0,4.0,1,2015-02-09
"OCHA FISS",0.0,2.0,3,2015-02-09
"OCHA FTS",0.0,0.0,1,2015-02-09
"OCHA Mali",1.0,11.0,3,2015-02-09
"OCHA Myanmar",0.0,0.0,1,2015-02-09
"OCHA Nepal",0.0,0.0,1,2015-02-09
"OCHA ORHC",0.0,0.0,1,2015-02-09
"OCHA Pakistan",0.0,0.0,1,2015-02-09
"UNOCHA Philippines",0.0,3.0,1,2015-02-09
"OCHA ROEA",4.0,139.0,9,2015-02-09
"OCHA ROWCA",0.0,5.0,5,2015-02-09
"OCHA Somalia",0.0,0.0,1,2015-02-09
"OCHA South Sudan",1.0,6.0,4,2015-02-09
"OCHA Yemen",1.0,15.0,1,2015-02-09
"OIM Colombia",1.0,0.0,1,2015-02-09
"Open Crisis",5.0,11.0,5,2015-02-09
OurAirports,0.0,236.0,1,2015-02-09
"Oxford Poverty & Human Development Initiative",0.0,4.0,1,2015-02-09
"REACH Initiative",0.0,0.0,1,2015-02-09
"Red Nacional de Informacion",2.0,1.0,1,2015-02-09
REFUNITE,0.0,0.0,1,2015-02-09
"Relief Applications",0.0,0.0,1,2015-02-09
"Small Arms Survey",0.0,1.0,4,2015-02-09
"Spatial Collective",1.0,6.0,3,2015-02-09
"Standby Task Force",4.0,7.0,3,2015-02-09
"Swiss Red Cross",0.0,0.0,1,2015-02-09
"TDH Lausanne",0.0,0.0,1,2015-02-09
"Terre des Hommes-Italia",0.0,0.0,1,2015-02-09
"U.S. DoD",1.0,8.0,1,2015-02-09
"OCHA HQ",2.0,1.0,4,2015-02-09
"UN Operational Satellite Applications Programme (UNOSAT)",1.0,2.0,1,2015-02-09
"UNESCO Jordan",0.0,0.0,1,2015-02-09
UNHCR,3.0,5.0,1,2015-02-09
"UNHCR Colombia",2.0,1.0,1,2015-02-09
"UNHCR Kenya",0.0,0.0,1,2015-02-09
"UNHCR Niger",0.0,3.0,1,2015-02-09
"UNICEF Colombia",1.0,1.0,2,2015-02-09
"UNICEF ESARO",1.0,1.0,1,2015-02-09
"Unidad Nacional para la gestion del riesgo de desastres",1.0,1.0,1,2015-02-09
"United Nations Office for Disaster Risk Reduction (UNISDR)",0.0,0.0,1,2015-02-09
"Universidad Industrial de Santander",0.0,0.0,1,2015-02-09
"UNMAS Colombia",1.0,1.0,1,2015-02-09
UNMEER,15.0,17.0,43,2015-02-09
"U.S. Department of State - Humanitarian Information Unit",3.0,11.0,11,2015-02-09
Ushahidi,2.0,2.0,3,2015-02-09
"WASH Cluster Guinea",0.0,1.0,1,2015-02-09
"WFP - World Food Programme",6.0,31.0,15,2015-02-09
"World Health Organization",3.0,7.0,9,2015-02-09
"Young Pioneer Disaster Response (YPDR)",0.0,0.0,1,2015-02-09
