id,batch,name,screen_name,profile_url,profile_image,description,location,url,time_zone,followers_count,following_count,statuses_count,verified,created_at
14445325,1,betaworks,betaworks,https://twitter.com/betaworks,https://pbs.twimg.com/profile_images/464498657421570048/Owb_s9zy_normal.png,We build and invest in great companies.,NYC,http://t.co/bgt9oQ14nt,Quito,13696,353,1542,0,2008-04-19 18:12:24+00:00
17925320,1,OpenStreetMap,openstreetmap,https://twitter.com/openstreetmap,https://pbs.twimg.com/profile_images/1332105692/OSM_fixed_512_normal.png,OpenStreetMap is the free editable map of the whole world. It is made by people like you.,everywhere,http://t.co/1EAqW1BJqT,London,23997,69,1103,0,2008-12-06 17:41:16+00:00
1494655406,1,Wired Map Lab,wiredmaps,https://twitter.com/wiredmaps,https://pbs.twimg.com/profile_images/3774788839/361b278473ffb53d561400349de59b01_normal.jpeg,Wired's blog all about maps and mapmaking. Learn how to make maps along with @betsymason and @dosmonos.,San Francisco,http://t.co/h3TCwafaPg,Arizona,3423,332,479,0,2013-06-09 04:43:14+00:00
16447675,1,Rabih Torbay-IMC,rtorbay,https://twitter.com/rtorbay,https://pbs.twimg.com/profile_images/433281710315159552/bjYiKt1a_normal.jpeg,"Vice President, int'l ops","Washington, D.C",https://t.co/FB5amUZeBl,,94,145,46,0,2008-09-25 06:16:30+00:00
86862517,1,Neil Blumenthal,NeilBlumenthal,https://twitter.com/NeilBlumenthal,https://pbs.twimg.com/profile_images/456901168359145472/kaCpuc0k_normal.jpeg,"Loves helping people see - co-founder & co-ceo of @WarbyParker, former director of @VisionSpring, husband of @CricketsCircle",NYC (and often other places),http://t.co/8Wd1EFzjTb,Eastern Time (US & Canada),8158,301,2013,0,2009-11-02 03:19:13+00:00
1216627195,1,StartupBus NYC,StartupBusNYC,https://twitter.com/StartupBusNYC,https://pbs.twimg.com/profile_images/3303564006/279fb9e8b5d30fc36dd4728dbdf3bcb8_normal.png,"Conceive, build & launch a startup in 72 hours on a speeding bus!  Tweets by @jonmarkgo @pinzler @helloaliceng @NateCooper",NYC,http://t.co/nCiekJdf81,,490,40,380,0,2013-02-24 21:36:46+00:00
1240529294,1,Exversion,exversiondata,https://twitter.com/exversiondata,https://pbs.twimg.com/profile_images/3347080192/d5c8f098099655168e9edd3cf36f492f_normal.png,"Access thousands of data sets, consume them in one simple API. Publish small and enterprise data, then collaborate, share and version-control it.",New York,http://t.co/0mqAssxFAk,Atlantic Time (Canada),729,419,226,0,2013-03-04 04:56:19+00:00
362489144,1,Javier Teran,JTeran2000,https://twitter.com/JTeran2000,https://pbs.twimg.com/profile_images/477065153868214272/Wr6w3DJh_normal.jpeg,Statistician. New York. USA.,,,Eastern Time (US & Canada),15,207,44,0,2011-08-26 13:51:04+00:00
24674765,1,PublishWhatYouFund,aidtransparency,https://twitter.com/aidtransparency,https://pbs.twimg.com/profile_images/1154393414/publish5_normal.png,The global campaign for aid transparency,"ÜT: 13.740436,100.536685",http://t.co/McVxuXoGp6,London,9455,838,5727,0,2009-03-16 10:43:50+00:00
95807485,1,Leandro A. Salazar ,TeachaLeo,https://twitter.com/TeachaLeo,https://pbs.twimg.com/profile_images/469516388332093440/kmBuEQC4_normal.jpeg,@UNOCHA Field Information Services. I'm where I want to be at this particular moment. Former @UniSantiagoCali #Education #Negotiations   #Humanitarianism #OHI,"Geneva, Switzerland",,Bern,87,302,709,0,2009-12-10 02:56:59+00:00
19649203,1,Kim Scriven,KimScriven,https://twitter.com/KimScriven,https://pbs.twimg.com/profile_images/325349898/5331_113502577805_562477805_2940116_1238050_n_normal.jpg,"I help humanitarian organisations innovate to meet the challenges they face, when I'm not fishing or listening to bad hip-hop. Views are my own etc...",London,,London,1052,878,3750,0,2009-01-28 12:35:29+00:00
17752630,1,Paul Currion,paulcurrion,https://twitter.com/paulcurrion,https://pbs.twimg.com/profile_images/475564909334233088/CWrxhS3i_normal.jpeg,Writes. Plays. Builds. Slays. Nights. Days.,London / Belgrade / Djenovici,http://t.co/CyexQKomW7,Athens,617,152,2279,0,2008-11-30 11:03:52+00:00
20355636,1,robert fabricant,fabtweet,https://twitter.com/fabtweet,https://pbs.twimg.com/profile_images/76431189/150_normal.jpg,"Principal, Design Impact Group, Dalberg
// frog fellow // operate at the intersection of behavior & design // doodle in little boxes // unusually small head",New York City,http://t.co/6y7vCnGWyi,Eastern Time (US & Canada),8173,608,3066,0,2009-02-08 08:07:37+00:00
38146999,1,UN Environment,UNEP,https://twitter.com/UNEP,https://pbs.twimg.com/profile_images/378800000362637389/bfc51dbe5c02ed25fecbc9d4dae35bdc_normal.png,The official twitter account of the United Nations Environment Programme (UNEP),"UNEPHQ, Nairobi, Kenya",http://t.co/YeeAdllZm0,Nairobi,220813,1579,6344,1,2009-05-06 09:34:32+00:00
14499829,1,WHO,WHO,https://twitter.com/WHO,https://pbs.twimg.com/profile_images/2189537674/WHOLogo_normal.png,"Official Twitter account of the World Health Organization, the United Nations' health agency","Geneva, Switzerland",http://t.co/PYgBcvzlvM,Bern,1307663,939,11040,1,2008-04-23 19:56:27+00:00
14159148,1,United Nations,UN,https://twitter.com/UN,https://pbs.twimg.com/profile_images/3109416113/a897e263cfb96fd36e8a916a7f2e3ace_normal.jpeg,Official twitter account of United Nations. Get the latest information on the UN.,"UNHQ, New York",http://t.co/IfCHf7uqII,Eastern Time (US & Canada),2724847,775,28003,1,2008-03-16 20:15:36+00:00
33933259,1,UNICEF,UNICEF,https://twitter.com/UNICEF,https://pbs.twimg.com/profile_images/446754462363684864/f3ZNeimB_normal.png,"UNICEF promotes the rights and wellbeing of every child in 190 countries and territories, with a special focus on reaching those in greatest need.",United Nations,http://t.co/XWHw5QThhA,Eastern Time (US & Canada),2822653,25101,12596,1,2009-04-21 15:16:12+00:00
17899109,1,Gates Foundation,gatesfoundation,https://twitter.com/gatesfoundation,https://pbs.twimg.com/profile_images/471379583829164032/Y-53kry0_normal.jpeg,"We work to help all people lead healthy, productive lives, focused on health, poverty, and opportunity. Follow our work: @gateshealth, @gatespoverty, @gatesed.","Seattle, Washington",http://t.co/R8iPutefBT,Pacific Time (US & Canada),1212167,870,8424,1,2008-12-05 15:19:15+00:00
104196611,1,Jennifer Dunnam,jdunnam,https://twitter.com/jdunnam,https://pbs.twimg.com/profile_images/448651213781757952/MFP7jzJP_normal.jpeg,technology dreamer | system thinker | collaborative player | iterative maker,"New York, New York",http://t.co/GvHbLCCn2d,Eastern Time (US & Canada),134,135,45,0,2010-01-12 15:53:46+00:00
2568002237,1,raj pannu,EmergenceRaj,https://twitter.com/EmergenceRaj,https://pbs.twimg.com/profile_images/471433925538361346/Qtv6znYD_normal.jpeg,,,,,7,32,0,0,2014-05-27 23:31:10+00:00
2471363833,1,Understanding Risk  ,UR_Forum,https://twitter.com/UR_Forum,https://pbs.twimg.com/profile_images/461576108618420224/8Xx99OY9_normal.png,Global community of experts and practitioners in the field of disaster risk assessment. UR Forum is June 30-July 4 in London,London,https://t.co/BsR7tLH5gn,Mountain Time (US & Canada),114,328,84,0,2014-04-30 18:35:59+00:00
109269528,1,Kirsten Mildren,Kirstenmildren,https://twitter.com/Kirstenmildren,https://pbs.twimg.com/profile_images/2518086043/3ddec04a-f96a-430f-9f8b-a961b90b1c71_normal.png,From Bangkok to New York doing communications for UN OCHA and tweeting about humanitarian disasters and issues.  Tweets my own.,New York but global,http://t.co/G91TucjVId,Bangkok,1173,563,1671,0,2010-01-28 14:08:50+00:00
382067003,1,fabio sergio,freegorifero,https://twitter.com/freegorifero,https://pbs.twimg.com/profile_images/472006722614067200/8qPPRQ-G_normal.jpeg,"vice president of creative @frogdesign | global lead, #frogImpact | Design(er), architect(ure) | human centered innovation | user experience strategy",Milano,http://t.co/hkH1wAG2VG,Rome,1124,753,2974,0,2011-09-29 12:47:43+00:00
947783502,1,Joanna Macrae,joanna_macrae,https://twitter.com/joanna_macrae,https://abs.twimg.com/sticky/default_profile_images/default_profile_1_normal.png,"Humanitarian Head of Profession and Head of Evidence & Innovation Programme, DFID. London",,,,46,116,139,0,2012-11-14 13:49:21+00:00
5402612,1,BBC Breaking News,BBCBreaking,https://twitter.com/BBCBreaking,https://pbs.twimg.com/profile_images/460740982498013184/wIPwMwru_normal.png,"Breaking news alerts and updates from the BBC. For news, features, analysis follow @BBCWorld (international) or @BBCNews (UK). Latest sport news @BBCSport.","London, UK",http://t.co/vBzl7LOaso,London,10101568,3,19157,1,2007-04-22 14:42:37+00:00
25734277,1,James Gleick,JamesGleick,https://twitter.com/JamesGleick,https://pbs.twimg.com/profile_images/476362077682929666/vPlI3DEG_normal.png,"author 
The Information,
Chaos",Around,http://t.co/krAGo6fYY2,Eastern Time (US & Canada),13534,132,2872,0,2009-03-21 21:49:43+00:00
59145948,1,Maureen Dowd,NYTimesDowd,https://twitter.com/NYTimesDowd,https://pbs.twimg.com/profile_images/2044881507/NYT_Twitter_Dowd_normal.png,"Op-Ed columnist, Pulitzer Prize winner, @nytopinion. Author, “Bushworld: Enter at Your Own Risk” and “Are Men Necessary?: When Sexes Collide.”","Washington, DC",http://t.co/jzsbvxQhp4,Eastern Time (US & Canada),106180,161,411,1,2009-07-22 14:54:41+00:00
200175094,1,Benson Wilder,bensonwilder,https://twitter.com/bensonwilder,https://pbs.twimg.com/profile_images/463989859573448704/8sMP2meh_normal.jpeg,"Geography | Human security | Data diplomacy.                                          Views my own, good ones mostly appropriated from others.",,,,90,191,91,0,2010-10-08 16:43:40+00:00
19585861,1,Pontus Westerberg,pontusw,https://twitter.com/pontusw,https://pbs.twimg.com/profile_images/1466042778/pontus_normal.jpg,"Open data and ICT4D guy at UN-Habitat, the UN programme for sustainable cities. Digital campaigner, economist & politics junky. Occasional punk DJ.",Nairobi,,London,1414,677,8365,0,2009-01-27 10:35:59+00:00
11518572,1,Chris R. Albon,chrisalbon,https://twitter.com/chrisalbon,https://pbs.twimg.com/profile_images/433401880404688896/sjWPGmp4_normal.jpeg,Director of @CrisisNET at @Ushahidi. PhD. Political scientist. R/Python coder. I use data science for social good. All tweets personal.,Baltimore,http://t.co/sLpb3pFjKV,Pacific Time (US & Canada),5603,521,52091,0,2007-12-26 01:49:09+00:00
2408540575,1,NairobiStartupGarage,StartupgarageNB,https://twitter.com/StartupgarageNB,https://pbs.twimg.com/profile_images/466171414819524609/S-NvU-on_normal.jpeg,"Nairobi's largest co-working tech space | Home of 88mph | 24-hr access to the space, high speed Internet, conference rooms | info@nairobistartupgarage.com |","Piedmont Plaza, Ngong Road",http://t.co/ml4vEsgCix,Nairobi,305,277,251,0,2014-03-24 07:18:01+00:00
23462787,1,IDEO,ideo,https://twitter.com/ideo,https://pbs.twimg.com/profile_images/433682028823707648/2mGokFUg_normal.png,We are a global design consultancy. We create impact through design.,,http://t.co/pbwwgZrwZH,Pacific Time (US & Canada),167846,2107,2642,1,2009-03-09 17:27:15+00:00
13982132,1,MIT Media Lab,medialab,https://twitter.com/medialab,https://pbs.twimg.com/profile_images/472081666307923968/V2_lbATl_normal.jpeg,News from the MIT Media Lab,"Cambridge, Massachusetts",http://t.co/0XMS8rGngp,Eastern Time (US & Canada),197292,933,5696,1,2008-02-26 03:06:21+00:00
30331404,1,Stanford d.school,stanforddschool,https://twitter.com/stanforddschool,https://pbs.twimg.com/profile_images/378800000534761325/e97d4b212c700b6eb53d147e13e0e9be_normal.jpeg,"We are a hub for innovation, collaboration and creativity at Stanford. Our mission is to help people become everyday innovators, everywhere.","Stanford, CA",http://t.co/kHdGU3gASU,Pacific Time (US & Canada),42541,189,1499,0,2009-04-10 22:39:22+00:00
382253381,1,IDEO.org,IDEOorg,https://twitter.com/IDEOorg,https://pbs.twimg.com/profile_images/1566996281/IDEOorg_avatar-4_normal.png,"At http://t.co/GUNVjyRnYW, our mission is to bring human-centered design to the people who need it most—the billions facing poverty every day.",San Francisco,http://t.co/ILNEBJJrkZ,Pacific Time (US & Canada),30702,474,1762,0,2011-09-29 19:05:27+00:00
80069355,1,Techonomy,techonomy,https://twitter.com/techonomy,https://pbs.twimg.com/profile_images/1464157100/Techonomy_Logo_Alt2_normal.jpg,"Techonomy is about the centrality of technology to business and social progress, and the urgency of embracing the rapid pace of change brought by technology.","New York, NY",http://t.co/jhQLOZgBkw,Mountain Time (US & Canada),6555,1545,3290,0,2009-10-05 16:52:10+00:00
524305055,1,IDMC,IDMC_Geneva,https://twitter.com/IDMC_Geneva,https://pbs.twimg.com/profile_images/2877822171/6c603b5697648684af4c3b2bbfc0a4f7_normal.png,Global leaders in the monitoring and analysis of people forced to flee worldwide. Tweets on at-risk and uprooted peoples. RT ≠ endorsement.,Geneva,http://t.co/lMQUWAcsOd,Amsterdam,1451,960,2077,0,2012-03-14 12:24:08+00:00
632066362,1,JIPS,JIPS_profiling,https://twitter.com/JIPS_profiling,https://pbs.twimg.com/profile_images/378800000405558416/40d092a7550585628b7191f48f5e6944_normal.jpeg,At JIPS – the Joint IDP Profiling Service – we’re dedicated to gathering data on the world’s internally displaced persons (IDPs),"Geneva, Switzerland",http://t.co/4wH245vho2,Athens,230,377,748,0,2012-07-10 15:12:51+00:00
51682451,1,Mohammed Abdiker,gurar,https://twitter.com/gurar,https://pbs.twimg.com/profile_images/420669023349522433/pBHjTwKG_normal.jpeg,Head of Emergencies at the International Organization for Migration,Geneva,,,77,138,501,0,2009-06-28 08:15:00+00:00
18320349,1,Zappos Insights,ZapposInsights,https://twitter.com/ZapposInsights,https://pbs.twimg.com/profile_images/451853698361069568/Vzz5OC9J_normal.jpeg,Making FUN of work.  Learn to create a workplace that empowers employees and encourages fun and happiness.,"Downtown Las Vegas, NV",http://t.co/6IEqN2DRJF,Pacific Time (US & Canada),12973,3392,3333,1,2008-12-22 23:16:57+00:00
1662687974,1,Jan Egeland,NRC_Egeland,https://twitter.com/NRC_Egeland,https://pbs.twimg.com/profile_images/465762626673209344/ZSM6xT7j_normal.jpeg,Secretary General of the Norwegian Refugee Council @NRC_Norway http://t.co/6mQfA6vWFn,Secretary General of NRC,http://t.co/6mQfA6vWFn,Copenhagen,3837,364,375,0,2013-08-11 14:25:10+00:00
2238243734,1,GoogleCrisisResponse,GoogleCR,https://twitter.com/GoogleCR,https://pbs.twimg.com/profile_images/420654622319988736/1V8L9Csj_normal.png,The official account for Google's Crisis Response team.,,http://t.co/4LGGudQptE,Pacific Time (US & Canada),2673,130,54,0,2013-12-09 22:35:48+00:00
27539545,1,Neil Fantom,neilfantom,https://twitter.com/neilfantom,https://pbs.twimg.com/profile_images/1619743595/Neil_Twit__1_of_1__normal.jpg,,Washington DC,http://t.co/qqvS9rmqyR,Eastern Time (US & Canada),478,274,1002,0,2009-03-30 00:15:43+00:00
846652436,1,UN OCHA Asia Pacific,OCHAAsiaPac,https://twitter.com/OCHAAsiaPac,https://pbs.twimg.com/profile_images/378800000720474374/0f5e63cf5d4f0ee328346a2c9632baff_normal.jpeg,UN Office for the Coordination of Humanitarian Affairs (OCHA) in Asia and the Pacific provides key updates on humanitarian issues and disasters in the region,Bangkok,http://t.co/ue9c67ISWA,Hawaii,3492,360,3415,1,2012-09-26 02:53:55+00:00
2435486491,1,DFID Response ,DFID_Response,https://twitter.com/DFID_Response,https://pbs.twimg.com/profile_images/454569960983887872/Y6-6log4_normal.jpeg,UK Department for International Development (DFID) team leading on humanitarian response to disasters and crises across the world. Retweets not endorsements.,,http://t.co/D5ZepKz3sB,Amsterdam,180,154,28,0,2014-04-09 13:47:26+00:00
51263711,1,Google Analytics,googleanalytics,https://twitter.com/googleanalytics,https://pbs.twimg.com/profile_images/443439417571561472/JDKNOknx_normal.png,"News, tips & trends from Google Analytics. Follow @JustinCutroni, @DanielWaisberg & @AdamSinger on our Education team for ideas to put Analytics into action.",Most places,http://t.co/zB0lhaggRa,Pacific Time (US & Canada),526404,266,3110,1,2009-06-26 22:55:52+00:00
155240092,1,Visualizing,VisualizingOrg,https://twitter.com/VisualizingOrg,https://pbs.twimg.com/profile_images/458684994198585344/fAoM5-6j_normal.png,http://t.co/UtPhDlA4gv is a community of creative people working to make sense of complex issues through data and design,Worldwide,http://t.co/Od4ChfurzN,Quito,13360,670,1471,0,2010-06-13 15:19:31+00:00
152862026,1,Edward Tufte,EdwardTufte,https://twitter.com/EdwardTufte,https://pbs.twimg.com/profile_images/458847900957556736/uArnnoBy_normal.png,"Data scientist, sculptor, Professor Poli Sci, Statistics, Comp Sci, Yale+Princeton 33years. Founded  GraphicsPress,Hogpen Hill Farms. Current Fermilab exhibit",all over the place,http://t.co/Qpo4dCFCJe,Eastern Time (US & Canada),40590,612,2461,0,2010-06-07 02:24:03+00:00
273197054,1,Visually,Visually,https://twitter.com/Visually,https://pbs.twimg.com/profile_images/378800000665899814/fbd67072025d58187bd1197ee549bb4e_normal.png,The coolest visual content brought to you by the world's best creatives.,San Francisco,http://t.co/kR7DAtiHtw,Pacific Time (US & Canada),132051,902,5746,1,2011-03-28 01:13:44+00:00
54680395,1,Info=Beautiful,infobeautiful,https://twitter.com/infobeautiful,https://pbs.twimg.com/profile_images/427392522/Information-is-Beautiful_flowerlogo_normal.jpg,"David McCandless' data-visualizations, information graphics & knowledge-maps | Anything strange, important, interesting | 539 created to date",London,http://t.co/n343wfSIin,London,55260,136,643,0,2009-07-07 21:19:11+00:00
19951439,1,Info Aesthetics,infosthetics,https://twitter.com/infosthetics,https://pbs.twimg.com/profile_images/74970684/infosthetics_logo_large_normal.gif,"Data visualizations that inform and/or intrigue. 
Personal tweets at @vdmoere.",Leuven (~Brussels),http://t.co/PRpwV2zxKx,Brussels,16541,317,2193,0,2009-02-03 03:20:48+00:00
107225267,1,Steven Pinker,sapinker,https://twitter.com/sapinker,https://pbs.twimg.com/profile_images/2438875837/gt7pu7c787o9wvmbauey_normal.jpeg,Cognitive scientist at Harvard.,"Boston, MA",http://t.co/5OVstkPquV,Eastern Time (US & Canada),129436,27,1387,0,2010-01-21 22:20:32+00:00
94642927,1,Data.Gov,usdatagov,https://twitter.com/usdatagov,https://pbs.twimg.com/profile_images/472366419783335936/2mS3DNr4_normal.jpeg,Empowering people by making government data accessible!,Washington D.C.,http://t.co/QHCgtJrmFT,Quito,10226,56,2060,1,2009-12-04 21:06:31+00:00
1606588254,1,About Programming,abt_programming,https://twitter.com/abt_programming,https://pbs.twimg.com/profile_images/378800000232458460/b5d097e08c63a6530e9751bcb0a13a57_normal.png,"Insights, quotes and other interests for; geeks, hackers and programmers. A true geek knows what to do: BTC 182XWTVpMBonarL1RaijEhqeaYZ7sxEfTw",The World,,Athens,7351,0,2190,0,2013-07-19 19:32:11+00:00
262327425,1,Maura O'Neill,MauraLONeill,https://twitter.com/MauraLONeill,https://pbs.twimg.com/profile_images/1265127452/Maura_ONeill_cropped_normal.JPG,"Fmr Chief #Innovation Officer @USAID | Serial Entrepreneur | Teach @UCBerkeley @Stanford @Columbia | Joy: family 
 | Great Ideas Come From All Different Places",,http://t.co/Tiit4kYmdA,Central Time (US & Canada),4413,1613,2130,0,2011-03-07 20:56:59+00:00
410492166,1,Nancy Lindborg,nancylindborg,https://twitter.com/nancylindborg,https://pbs.twimg.com/profile_images/446034886214684672/gzMHVYk7_normal.jpeg,"Assistant Administrator for Democracy, Conflict, and Humanitarian Assistance @USAID. 
http://t.co/kHBeQqYJXj",,http://t.co/LQiKx1WAFI,Central Time (US & Canada),2616,265,1400,0,2011-11-12 05:15:52+00:00
385095990,1,iHubResearch,iHubResearch,https://twitter.com/iHubResearch,https://pbs.twimg.com/profile_images/1576329748/Untitled-1_normal.jpg,"Driving local tech research in East Africa.
Discovery, Knowledge, Sharing","Nairobi, Kenya",http://t.co/carbdxuePp,Nairobi,4281,809,2356,0,2011-10-04 21:27:37+00:00
2321891696,1,WHSummit,WHSummit,https://twitter.com/WHSummit,https://pbs.twimg.com/profile_images/471670923754344448/-Yww95-F_normal.jpeg,"The World Humanitarian Summit will take place in Istanbul, Turkey in 2016. Join the conversation and help us find solutions to #ReShapeAid.",United Nations,http://t.co/o5Ew07gzi5,Eastern Time (US & Canada),765,279,204,0,2014-02-01 06:41:25+00:00
62780688,1,UNISDR,unisdr,https://twitter.com/unisdr,https://pbs.twimg.com/profile_images/1978247583/20120306_NewLogo_onlyUNemblem_normal.jpg,Official Twitter account of the UN's office for disaster risk reduction (UNISDR) and secretariat of the International Strategy for Disaster Reduction.,Geneva,http://t.co/JB8lB7E90P,Bern,17926,578,5628,0,2009-08-04 10:26:53+00:00
217464117,1,DARA,DARAint,https://twitter.com/DARAint,https://pbs.twimg.com/profile_images/477342572608647169/oEoiVDTo_normal.jpeg,DARA is an independent organisation committed to improving humanitarian aid for vulnerable populations suffering from armed conflict or natural disasters.,Madrid,http://t.co/3qLshR3fwR,Greenland,1327,1046,622,0,2010-11-19 16:06:59+00:00
34570810,1,ODI,odi_development,https://twitter.com/odi_development,https://pbs.twimg.com/profile_images/2853070480/5732cc3da2bd929978faf8d3db673058_normal.png,The Overseas Development Institute is the UK's leading independent think-tank on international development and humanitarian issues,"London, UK",http://t.co/z6sFkspOsH,London,46920,691,3632,0,2009-04-23 08:58:17+00:00
234424823,1,HPN,hpn_hpg,https://twitter.com/hpn_hpg,https://pbs.twimg.com/profile_images/1642238255/HPN-Logo2-red_normal.jpg,"The Humanitarian Practice Network is an independent forum for practitioners and policy makers to share and disseminate information, analysis and experience.",UK,http://t.co/YE4BPBykJO,,2072,237,1753,0,2011-01-05 16:41:16+00:00
470099591,1,EU Humanitarian Aid ,eu_echo,https://twitter.com/eu_echo,https://pbs.twimg.com/profile_images/2945033813/8834a274d9d409275aa7d4e13faa04b7_normal.png,"We are the EU's humanitarian aid and civil protection department. Our mission is to help save lives in crises, emergencies and disasters.",Brussels and Worldwide,http://t.co/daxlfnczac,Brussels,11035,1974,10579,0,2012-01-21 10:00:36+00:00
14677919,1,The New Yorker,NewYorker,https://twitter.com/NewYorker,https://pbs.twimg.com/profile_images/421413599441981441/GMZ5UIRl_normal.jpeg,"The New Yorker is a weekly magazine with a mix of reporting of politics and culture, humor and cartoons, fiction and poetry, and reviews and criticism.","New York, NY",http://t.co/RJjEvb2dV6,Eastern Time (US & Canada),3221758,263,19730,1,2008-05-06 19:36:33+00:00
153154765,1,Global Pulse,UNGlobalPulse,https://twitter.com/UNGlobalPulse,https://pbs.twimg.com/profile_images/1860273872/TwitterLogo2_normal.png,An innovation initiative of the United Nations harnessing big data for sustainable development and humanitarian action,"New York, NY",http://t.co/mr6LaebyVa,Eastern Time (US & Canada),24546,3010,3487,1,2010-06-07 20:45:39+00:00
180443725,1,Hunter Goldman,huntergoldman,https://twitter.com/huntergoldman,https://pbs.twimg.com/profile_images/1106623705/me_normal.jpg,Program Associate at @RockefellerFdn. Interested in innovative technology for social impact. Also an urban policy wonk.,"New York, NY",,,73,204,39,0,2010-08-19 17:08:45+00:00
498210635,1,flowminder,flowminder,https://twitter.com/flowminder,https://pbs.twimg.com/profile_images/1841597233/Screen_shot_2012-02-20_at_9.00.07_PM_normal.png,,,http://t.co/5FjYwJg0xZ,,62,0,0,0,2012-02-20 20:15:18+00:00
1265000756,1,World Bank Finances,WBOpenFinances,https://twitter.com/WBOpenFinances,https://pbs.twimg.com/profile_images/461203982971445249/1-goa676_normal.png,Official World Bank Group Finances Twitter Account. Follow us for open finance and open data updates that support our financial data users.,Washington D.C.,http://t.co/Rqwsc0eczg,Atlantic Time (Canada),6667,1062,814,0,2013-03-13 17:26:29+00:00
335357851,1,HPG,hpg_odi,https://twitter.com/hpg_odi,https://pbs.twimg.com/profile_images/464354863099293697/xQ20cebm_normal.jpeg,The Humanitarian Policy Group at the Overseas Development Institute. One of the world’s leading teams of independent researchers on humanitarian issues.,"London, UK",http://t.co/Z0ZLjFC2Ps,,2834,338,3707,0,2011-07-14 15:22:02+00:00
221278192,1,Zoe Flood,Zoe_Flood,https://twitter.com/Zoe_Flood,https://pbs.twimg.com/profile_images/430973818186637312/OVI1BYV-_normal.jpeg,Nairobi-based multimedia journalist.,"Nairobi, Kenya",http://t.co/C0NKtMlDDC,Nairobi,2957,1558,4074,0,2010-11-30 06:30:39+00:00
2347049341,1,Vox,voxdotcom,https://twitter.com/voxdotcom,https://pbs.twimg.com/profile_images/442785905246347265/v6W3UuIL_normal.jpeg,Understand the news.,,http://t.co/RnqX4a68G1,Eastern Time (US & Canada),101836,77,2718,1,2014-02-16 15:46:00+00:00
147666931,1,Lerer Hippeau,LererHippeau,https://twitter.com/LererHippeau,https://pbs.twimg.com/profile_images/477177328036876288/Q_tQLggL_normal.jpeg,"We seek out entrepreneurs with product vision, consumer insight, focused execution, and unwavering ambition. http://t.co/D09nAhXD8C",New York,http://t.co/vM2Mhmdand,Eastern Time (US & Canada),9088,578,4840,0,2010-05-24 18:49:04+00:00
34703903,1,Michael DelGaudio,DelGaudio_Tweet,https://twitter.com/DelGaudio_Tweet,https://pbs.twimg.com/profile_images/444525966182739968/9yAzkdsl_normal.png,Creative Director at frog. Focused on #IoT #Startups #Design and our connected future. Will eat a taco anytime of day.,New York,http://t.co/X7XHURO0gN,Eastern Time (US & Canada),307,130,1707,0,2009-04-23 19:30:00+00:00
9017382,1,Erik Hersman,whiteafrican,https://twitter.com/whiteafrican,https://pbs.twimg.com/profile_images/459336697264615424/PokzxrAw_normal.png,"Where Africa and technology collide... Co-founder of @Ushahidi,  @iHub Nairobi, @BRCKnet and @SavannahFund. Senior TED and PopTech Fellow. ‘Nole.","Nairobi, Kenya",http://t.co/iJqi6ESp96,Nairobi,43726,792,19306,0,2007-09-21 16:15:16+00:00
7239422,1,Juliana Rotich,afromusing,https://twitter.com/afromusing,https://pbs.twimg.com/profile_images/378800000769836693/0e4da9cb393fb008004caaf46296c3aa_normal.jpeg,"Location agnostic. Tech, Africa, Beyond. MIT Media Lab Director's Fellow. Ushahidi, iHub, BRCK.  Aspiring yogi, tea farmer. Views - mine","NBO,ORD, EDL + Internet",http://t.co/Pzeg5kkxG0,Central Time (US & Canada),26065,336,11236,0,2007-07-04 00:28:21+00:00
110121475,1,iHub,iHub,https://twitter.com/iHub,https://pbs.twimg.com/profile_images/1460058268/Untitled-1_normal.jpg,Nairobi's Innovation Hub,"Nairobi, Kenya",http://t.co/qdZL9IsG,Nairobi,50986,1564,5906,0,2010-01-31 12:12:13+00:00
18622869,1,Ezra Klein,ezraklein,https://twitter.com/ezraklein,https://pbs.twimg.com/profile_images/430528937022595072/ivuRfUNj_normal.jpeg,"Editor-in-chief, http://t.co/hH5hVMv0KR. Policy analyst at MSNBC. Eater of food. Hater of filibuster. Lover of charts.",DC,http://t.co/8X2hDCPnDl,Eastern Time (US & Canada),467200,821,27502,1,2009-01-05 04:02:29+00:00
596457544,1,Disaster Tech Lab,DisasterTechLab,https://twitter.com/DisasterTechLab,https://pbs.twimg.com/profile_images/2268771492/jblhx9kzb4ingp7kot0w_normal.jpeg,Disaster Tech Lab; providing rapid response communication systems in disaster hit areas. Based in Ireland but working globally. We love WiFi!,Ireland,http://t.co/IKTNbwM7zg,Amsterdam,1593,1953,3764,0,2012-06-01 13:18:32+00:00
275686563,1,The Verge,verge,https://twitter.com/verge,https://pbs.twimg.com/profile_images/1450127603/TheVerge_Badge_Color1_normal.png,"The culture of now. We tell stories at the intersection of science, technology, art, and the humanities.",The Universe,http://t.co/W2SFxIGhA4,Eastern Time (US & Canada),477624,117,47317,1,2011-04-01 19:54:22+00:00
951493442,1,Alyoscia D'Onofrio,AlyosciaD,https://twitter.com/AlyosciaD,https://pbs.twimg.com/profile_images/444112860117864448/cz_2YyCI_normal.jpeg,"Senior Director, Governance & Rights @theIRC. Work on / write about accountability, aid, basic services, governance, protection, etc. Views my own.",Geneva,http://t.co/zcZHYMCoLC,,160,158,135,0,2012-11-16 11:24:53+00:00
2307037766,1,Open Dev Toolkit,OpenDevToolkit,https://twitter.com/OpenDevToolkit,https://pbs.twimg.com/profile_images/474116740192796672/Rt1rdGNi_normal.png,A project of @DevinitOrg @OKFN @SchoolofData aimed at increasing data literacy around development data. Tweets by @zararah.,,http://t.co/eyTU5ldx0m,,387,168,152,0,2014-01-23 18:30:22+00:00
6727802,1,Games for Change,G4C,https://twitter.com/G4C,https://pbs.twimg.com/profile_images/425346549032300544/n3-1Z5OV_normal.png,We facilitate the creation & distribution of social impact games. Join us for the Annual Games for Change Festival (April 22-24 & 26): #G4C14.,"New York, NY",http://t.co/ADWsFpXbkq,Eastern Time (US & Canada),16184,4037,8392,0,2007-06-11 02:49:59+00:00
1260176245,1,GlobalDevLab,GlobalDevLab,https://twitter.com/GlobalDevLab,https://pbs.twimg.com/profile_images/451537180607795200/h7iC1V48_normal.jpeg,The official Twitter feed for @USAID's U.S. Global Development Lab #DevTalk http://t.co/aKyulvGYUg,Washington DC,http://t.co/wnwLDypJ7s,Eastern Time (US & Canada),4687,562,1978,0,2013-03-11 18:55:17+00:00
514033223,1,USAID/OFDA,theOFDA,https://twitter.com/theOFDA,https://pbs.twimg.com/profile_images/472475212949094401/a3f0VIPz_normal.jpeg,USAID's Office of U.S. Foreign Disaster Assistance saves lives on behalf of the American people. http://t.co/wnwLDypJ7s,"Washington, DC",http://t.co/RovhfsmTyA,Eastern Time (US & Canada),4248,526,2369,1,2012-03-04 06:43:58+00:00
1469986159,1,Albert Gembara,AlbertGembara,https://twitter.com/AlbertGembara,https://pbs.twimg.com/profile_images/3732428176/764eb318a813c5a2d717596e87cd82d2_normal.jpeg,Technology Integration Officer - USAID/OFDA - Opinions and Tweets are my own.  #ICTenables,"Washington, D.C. ",,,71,112,119,0,2013-05-30 15:11:29+00:00
635258821,1,OCHA Gulf ,ochagulf,https://twitter.com/ochagulf,https://pbs.twimg.com/profile_images/413565312508772353/FnX7eNeE_normal.jpeg,"UNOCHA - Gulf Liaison Office
 مكتب الأمم المتحدة لتنسيق الشؤون الإنسانية",Arab World,http://t.co/5jHTIkAcXM,Abu Dhabi,557,139,478,0,2012-07-14 09:33:27+00:00
11512342,1,frog design,frogdesign,https://twitter.com/frogdesign,https://pbs.twimg.com/profile_images/459015000372178944/M9Q4LX3U_normal.png,frog is a global product strategy and design firm,Headquartered in San Francisco,http://t.co/Ro7PpUQ7Qh,Pacific Time (US & Canada),475444,2694,5464,1,2007-12-25 20:38:13+00:00
517710986,1,OKFestival,OKFestival,https://twitter.com/OKFestival,https://pbs.twimg.com/profile_images/431090291060125697/h1HvwGp4_normal.png,Join us in Berlin from 15th-17th July to translate Open Minds to Open Action with the global #open community! #OKFest14,"Berlin, Germany",http://t.co/jex664iNwF,Berlin,2414,2547,1349,0,2012-03-07 15:52:13+00:00
18998892,1,Harvard Humanitarian,HHI,https://twitter.com/HHI,https://pbs.twimg.com/profile_images/1575880396/HHI_Twitter_Logo_normal.jpg,"Combines expertise in public health, medicine, social science, and humanities to advance research, practice, and policy in the field of humanitarian assistance",Harvard University,http://t.co/lIMcSEXK4O,Eastern Time (US & Canada),9065,418,1294,0,2009-01-14 22:19:27+00:00
14055301,1,Save the Children,SavetheChildren,https://twitter.com/SavetheChildren,https://pbs.twimg.com/profile_images/469503371452248064/hv_pvUBe_normal.jpeg,The leading independent organization creating lasting change in the lives of children in need in the United States and around the world.,,http://t.co/V6oAEtmjrV,Eastern Time (US & Canada),983688,5608,11537,1,2008-02-28 16:14:50+00:00
11695472,1,Oxfam International,Oxfam,https://twitter.com/Oxfam,https://pbs.twimg.com/profile_images/471517109134962688/TP51FR-V_normal.png,Intl confederation of 17 like-minded organizations working together & with partners around the world to bring about lasting solutions to poverty & injustice.,,http://t.co/5GWKT5kWf1,London,535713,883,17511,1,2007-12-31 18:27:35+00:00
69231187,1,UN Human Rights,UNrightswire,https://twitter.com/UNrightswire,https://pbs.twimg.com/profile_images/3758280215/70eb963bb40db99fb3185cc39ef62468_normal.jpeg,"Official Twitter account of the United Nations Human Rights office
http://t.co/6scbVSPBIw

http://t.co/V3ZKO2fB90","Geneva, Switzerland",http://t.co/VvRnxjVdmo,Paris,468236,631,5886,1,2009-08-27 07:34:10+00:00
82592381,1,ALNAP,ALNAP,https://twitter.com/ALNAP,https://pbs.twimg.com/profile_images/459330268898152448/1qSEq05w_normal.png,Active Learning Network for Accountability and Performance in humanitarian sector #learning #innovation #leadership #evaluation #humanitarian #ClosingLoop #EHA,London,http://t.co/LkOpSafxM1,London,3015,584,1655,0,2009-10-15 11:08:40+00:00
14361155,1,UN Refugee Agency,Refugees,https://twitter.com/Refugees,https://pbs.twimg.com/profile_images/2298974926/z8sfbyry4eds9z7s56pr_normal.jpeg,The official account of UNHCR. Follow us as we provide vital aid and protection to the forcibly displaced around the world.,120 countries,http://t.co/HzXYOjUiiE,Paris,1538452,40704,14772,1,2008-04-11 14:23:51+00:00
14434070,1,NYTimes Bits,nytimesbits,https://twitter.com/nytimesbits,https://pbs.twimg.com/profile_images/2078138859/NYT_Twitter_bits_normal.png,"Tech news and analysis, plus interesting links and retweets from Times tech staff and friends.",,http://t.co/XaZCeioBAC,Eastern Time (US & Canada),180160,150,16126,1,2008-04-18 15:19:26+00:00
819800,1,CNET News,CNETNews,https://twitter.com/CNETNews,https://pbs.twimg.com/profile_images/1580505142/News_normal.jpg,Follow CNET News for all the latest tech news.,"San Francisco, CA",http://t.co/dw0Mm46abG,Pacific Time (US & Canada),365451,239,62225,1,2007-03-07 22:24:21+00:00
816653,1,TechCrunch,TechCrunch,https://twitter.com/TechCrunch,https://pbs.twimg.com/profile_images/469171480832380928/rkZR1jIh_normal.png,Breaking Technology News And Opinions From TechCrunch,Silicon Valley,http://t.co/FQzFJNIg8e,Pacific Time (US & Canada),3587137,858,73447,1,2007-03-07 01:27:09+00:00
60642052,1,VentureBeat,VentureBeat,https://twitter.com/VentureBeat,https://pbs.twimg.com/profile_images/1818169678/VB_twitter_logo_normal.jpg,We bring you news on what matters in the tech business world.,San Francisco + NYC,http://t.co/vNmL0zJnXy,Pacific Time (US & Canada),297665,1440,45298,1,2009-07-27 16:34:47+00:00
717313,1,Ars Technica,arstechnica,https://twitter.com/arstechnica,https://pbs.twimg.com/profile_images/2215576731/ars-logo_normal.png,"Original news and reviews, analysis of tech trends, and expert advice on the most fundamental aspects of tech and the many ways it's helping us enjoy our world.",NYC - Boston - Chicago - SF,http://t.co/LH2xDvElLR,Central Time (US & Canada),684408,131,50067,1,2007-01-28 01:58:49+00:00
10876852,1,The Next Web,TheNextWeb,https://twitter.com/TheNextWeb,https://pbs.twimg.com/profile_images/378800000147133877/895fa7d3daeed8d32b7c089d9b3e976e_normal.png,"International news on technology, business and culture. Follow specific channels in our Twitter lists.  Find us on Facebook:  http://t.co/pcgAUcQggv",The Interwebs.,http://t.co/BV4ajjxry7,Amsterdam,1109747,1164,64339,1,2007-12-05 17:26:15+00:00
1344951,1,WIRED,WIRED,https://twitter.com/WIRED,https://pbs.twimg.com/profile_images/378800000703426078/f0e0491c473589ad484d976ca45d712b_normal.png,WIRED is where tomorrow is realized.,San Francisco/New York,http://t.co/AbRkBRjcYo,Pacific Time (US & Canada),2913516,323,32828,1,2007-03-17 09:57:25+00:00
1422311,1,Peter Rojas,peterrojas,https://twitter.com/peterrojas,https://pbs.twimg.com/profile_images/3515612365/ed8754f358e7bd114b515de23fa0e2b7_normal.jpeg,Stop me before I start another gadget site.,10002,http://t.co/CdNIr4ZE4C,Eastern Time (US & Canada),32433,339,10498,0,2007-03-18 15:49:44+00:00
808627,1,Steven Levy,StevenLevy,https://twitter.com/StevenLevy,https://pbs.twimg.com/profile_images/25648092/eye_normal.jpg,I'm writing as fast as I can.,New York City,http://t.co/g3CMRYEZJH,Eastern Time (US & Canada),78515,570,4450,1,2007-03-03 16:34:51+00:00
12798452,1,Erick Schonfeld,erickschonfeld,https://twitter.com/erickschonfeld,https://pbs.twimg.com/profile_images/378800000643795339/bb53bcb73b246c01fc89c8803e867c34_normal.png,"Co-founder TouchCast, executive producer DEMO",New York,http://t.co/nDr21M2tvU,Central Time (US & Canada),73281,1124,18700,1,2008-01-28 20:10:24+00:00
17595439,1,Chris Anderson,chr1sa,https://twitter.com/chr1sa,https://pbs.twimg.com/profile_images/378800000034395983/18ce4b3eb08868f444a2596942dcb7af_normal.jpeg,"3D Robotics CEO, DIY Drones, ex Wired EIC, Long Tail, FREE, Makers, GeekDad, etc. And five great kids who put up with it all.

(Profile photo by Joi Ito)",Berkeley,http://t.co/IuFPNN3M70,,137461,822,4880,1,2008-11-24 16:57:51+00:00
11666142,1,Joshua Topolsky,joshuatopolsky,https://twitter.com/joshuatopolsky,https://pbs.twimg.com/profile_images/2928977318/71923b60c9037878b3cfd23ec729eb4d_normal.jpeg,"Editor-in-chief of The Verge, reformed producer, lover of creepy movies.","Brooklyn, NY.",http://t.co/8T2beWJyhJ,Eastern Time (US & Canada),140322,663,19763,1,2007-12-30 19:46:39+00:00
5763262,1,Kara Swisher,karaswisher,https://twitter.com/karaswisher,https://pbs.twimg.com/profile_images/470486965666594816/Sc7AfKNX_normal.jpeg,Re/code Co-Executive Editor and Vaguely Suspicious Character,San Francisco,http://t.co/03z3WNzEQj,Pacific Time (US & Canada),951127,985,56640,1,2007-05-04 10:32:22+00:00
50393960,1,Bill Gates,BillGates,https://twitter.com/BillGates,https://pbs.twimg.com/profile_images/1884069342/BGtwitter_normal.JPG,Sharing things I'm learning through my foundation work and other interests...,"Seattle, WA",http://t.co/W7T8IITkPe,Pacific Time (US & Canada),16260907,165,1296,1,2009-06-24 18:44:10+00:00
989,1,Om Malik,om,https://twitter.com/om,https://pbs.twimg.com/profile_images/2601170258/z3bo77mwfuz7ll7fd9z0_normal.jpeg,"Partner, True Ventures. Founder, Gigaom. Lover of possibilities. Believer in people. Indulges in imagineering.","ÜT: 37.795917,-122.39966",http://t.co/AvBTBie5fn,Pacific Time (US & Canada),1384664,1444,37714,1,2006-07-15 05:53:13+00:00
36823,1,Anil Dash,anildash,https://twitter.com/anildash,https://pbs.twimg.com/profile_images/476939811702718464/Qq0LPfRy_normal.jpeg,Cofounder @thinkup & @activateinc • Blog at http://t.co/Ytws16sDrz • anil@dashes.com • 646 833-8659 • The intern who maintains this account has been fired.,"NYC: 40.739069,-73.987082",http://t.co/zUrxsZkiRa,Eastern Time (US & Canada),498077,2350,61948,1,2006-12-02 09:15:15+00:00
37570179,1,Michael Arrington,arrington,https://twitter.com/arrington,https://pbs.twimg.com/profile_images/378800000654181704/52e1a4162ad05f167fca1432630dac1c_normal.jpeg,Be Excellent To Each Other,"Palo Alto, CA",http://t.co/vFB8Ylff4H,Pacific Time (US & Canada),186435,1652,12970,1,2009-05-04 02:20:17+00:00
13348,1,Robert Scoble,Scobleizer,https://twitter.com/Scobleizer,https://pbs.twimg.com/profile_images/378800000079754206/b0cff61f7e8af959a50d9636a56aad1e_normal.jpeg,"@Rackspace's Startup Liaison Officer, who grew up in Silicon Valley, brings you technology news, videos, and opinions.","Half Moon Bay, California, USA",http://t.co/mVOjKdD5wp,Pacific Time (US & Canada),400016,43118,66180,1,2006-11-20 23:43:44+00:00
5746452,1,Walt Mossberg,waltmossberg,https://twitter.com/waltmossberg,https://pbs.twimg.com/profile_images/463735129698205696/lgV8ScFe_normal.jpeg,"Co-Executive Editor, reviewer and columnist for Re/code. Find us at http://t.co/QtNr5qQEsH. Email me at walt@recode.net.","Washington, DC",http://t.co/QtNr5qQEsH,Eastern Time (US & Canada),583200,577,6581,1,2007-05-03 17:30:11+00:00
2384071,1,Tim O'Reilly,timoreilly,https://twitter.com/timoreilly,https://pbs.twimg.com/profile_images/2823681988/f4f6f2bed8ab4d5a48dea4b9ea85d5f1_normal.jpeg,"Founder and CEO, O'Reilly Media. Watching the alpha geeks, sharing their stories, helping the future unfold.","Sebastopol, CA",http://t.co/5086iX7oyT,Pacific Time (US & Canada),1773785,1214,29986,1,2007-03-27 01:14:05+00:00
37303975,1,Claude Bruderlein,HumanTrends,https://twitter.com/HumanTrends,https://pbs.twimg.com/profile_images/2214242783/claude_bruderlein_normal.JPG,Senior advisor at the @ICRC. Researcher and Instructor @Kennedy_school and @HarvardSPH. Promoting humanitarian innovations. Views are my own. RT≠ endorsement,"Geneva, Switzerland",http://t.co/NKrTssOcHf,Quito,3617,3537,1782,0,2009-05-02 23:00:06+00:00
16334429,1,Intl Medical Corps,IMC_Worldwide,https://twitter.com/IMC_Worldwide,https://pbs.twimg.com/profile_images/870543816/IMC-logoM-blue-on-transparen_normal.jpg,International Medical Corps saves lives and relieves suffering through health care training and relief and development programs.,"ÜT: 34.018689,-118.483186",http://t.co/umQHpd9S3A,Pacific Time (US & Canada),7716,2241,3302,0,2008-09-17 18:55:55+00:00
18338630,1,Islamic Relief USA,IslamicRelief,https://twitter.com/IslamicRelief,https://pbs.twimg.com/profile_images/435906287432241152/MIeQjNCV_normal.jpeg,"Islamic Relief USA strives to alleviate poverty, hunger, illiteracy, and diseases worldwide regardless of color, race, religion, or creed.","CA, IL, NJ, VA, TX",http://t.co/9QjbyAfUlt,Eastern Time (US & Canada),32827,501,3282,0,2008-12-23 18:17:31+00:00
15545560,1,ActionAgainstHunger,acfusa,https://twitter.com/acfusa,https://pbs.twimg.com/profile_images/1152268835/acf-usa-logo-color_square_big_normal.jpg,Working to save the lives of severely malnourished people worldwide & implement long-term solutions to hunger.,"New York, USA",http://t.co/8vbedewzqB,Eastern Time (US & Canada),10402,1055,5066,0,2008-07-22 23:23:49+00:00
50101725,1,Devex,devex,https://twitter.com/devex,https://pbs.twimg.com/profile_images/461929799674372096/OeMhhF0c_normal.png,Must-read news and jobs for aid workers and international development professionals from the world’s most popular global development website -  www.devex.com.,,http://www.Devex.com,Eastern Time (US & Canada),31977,853,12987,0,2009-06-23 21:03:39+00:00
364316586,1,ICRC North America,ICRC_dc,https://twitter.com/ICRC_dc,https://pbs.twimg.com/profile_images/378800000120790480/db8e7ab0f46ee149603fdf25b60206b7_normal.jpeg,ICRC regional delegation for United States & Canada. Tweeting & blogging about armed conflict & humanitarian challenges – from drones to detention & beyond.,Washington DC,http://t.co/qlLtQrjDTy,Eastern Time (US & Canada),2246,1371,1737,0,2011-08-29 15:32:09+00:00
22053725,1,Intl Rescue Comm IRC,theIRC,https://twitter.com/theIRC,https://pbs.twimg.com/profile_images/1750236817/irc-twitter-square_normal.png,"The International Rescue Committee (IRC) responds to the world’s worst humanitarian crises and helps people to survive and rebuild. 
RT & Follow ≠ endorsement",Worldwide,http://t.co/AxkZboE1IV,Eastern Time (US & Canada),49876,2324,6898,1,2009-02-26 20:03:10+00:00
14755492,1,Doctors w/o Borders,MSF_USA,https://twitter.com/MSF_USA,https://pbs.twimg.com/profile_images/2767072246/a86211e851acafb19a5abc92b540d379_normal.png,Providing medical aid where it's needed most.,"New York, NY",http://t.co/yj5qvnuRFO,Eastern Time (US & Canada),394960,734,11661,1,2008-05-13 06:15:39+00:00
27830610,1,World Food Programme,WFP,https://twitter.com/WFP,https://pbs.twimg.com/profile_images/460783513369706496/QOtoriB3_normal.png,Fighting hunger worldwide. The United Nations World Food Programme is the world's largest humanitarian agency on the front lines against hunger.,Worldwide,http://t.co/NBbZaYFg71,Rome,694379,526,13582,1,2009-03-31 07:02:18+00:00
2303751216,1,FiveThirtyEight,FiveThirtyEight,https://twitter.com/FiveThirtyEight,https://pbs.twimg.com/profile_images/442370574040301568/j673s9Ue_normal.jpeg,"The home of Nate Silver's FiveThirtyEight on Twitter. Politics, Economics, Science, Life, Sports.","New York, NY",http://t.co/93tPMQEkgi,Eastern Time (US & Canada),194673,86,1256,1,2014-01-21 21:39:32+00:00
14420872,1,Simon Rogers,smfrogers,https://twitter.com/smfrogers,https://pbs.twimg.com/profile_images/378800000490745383/5724d9cc809d73aebc5f72f56ac3fd05_normal.png,"Datajournalist, and Data Editor at Twitter. Launch editor of Guardian Datablog. Author, Facts are Sacred http://t.co/bL5erqoI7z.  All views my own",San Francisco,http://t.co/2jh0njK05N,Eastern Time (US & Canada),12755,1425,10028,0,2008-04-17 14:04:09+00:00
23751864,1,GuardianData,GuardianData,https://twitter.com/GuardianData,https://pbs.twimg.com/profile_images/2179716372/G_twitter_openPlat_normal.jpg,Facts you can use from the Guardian. Mash them up and tell us about it. Facts are Sacred: The power of data (Guardian Shorts) eBook http://t.co/mXWLXx51AE,"London, UK",http://t.co/Pi2Q5UL4Pw,London,45494,201,6439,1,2009-03-11 11:58:09+00:00
303687748,1,DataDrivenJournalism,ddjournalism,https://twitter.com/ddjournalism,https://pbs.twimg.com/profile_images/1556110992/twitter_profilepicture_normal.png,"We are @ejcnet and we run http://t.co/1gjMNuhT, http://t.co/3sgDSxqA, data journalism mailing list (http://t.co/BsfYqRvV). Data journalism hashtag #ddj",,http://t.co/ebKj16B6AB,,12579,1064,2998,0,2011-05-23 08:45:01+00:00
48784644,1,Toby Lanzer,tobylanzer,https://twitter.com/tobylanzer,https://pbs.twimg.com/profile_images/378800000362426429/ef59b0df785e31e9bba16fa981162041_normal.jpeg,UN assistant secretary-general. In Juba as deputy special representative and development and humanitarian coordinator. Resilience. Aid. Peacebuilding.,#SouthSudan,http://t.co/WPQz2QHl37,Nairobi,7853,245,2213,0,2009-06-19 18:26:29+00:00
501968170,1,School of Data,SchoolOfData,https://twitter.com/SchoolOfData,https://pbs.twimg.com/profile_images/2822971173/b9d550947c055919ea856bba60e2e5c5_normal.png,"Teaching data wrangling skills by doing. Work with real data, real people, real world issues. A project of @OKFN and friends.",,http://t.co/yT5edUBNcc,Amsterdam,7851,708,1350,0,2012-02-24 17:25:57+00:00
1195960238,1,UNOCHA South Sudan,OCHASouthSudan,https://twitter.com/OCHASouthSudan,https://pbs.twimg.com/profile_images/428878916955041792/HYJ-0Dey_normal.png,United Nations Office for the Coordination of Humanitarian Affairs (UNOCHA) in South Sudan,,http://t.co/PHqbbsPD7O,Baghdad,6675,259,1205,1,2013-02-19 05:12:45+00:00
793517,1,Tariq Khokhar,tkb,https://twitter.com/tkb,https://pbs.twimg.com/profile_images/651992556/tk-profile-bw-450_normal.jpg,"Data Scientist and Open Data Evangelist at The World Bank. Technology, development, design, #dataviz. Some science, statistics & swearing. Brit. I cycle a lot.",Washington DC,http://t.co/QXf2QSUjXn,Eastern Time (US & Canada),5225,2101,9542,0,2007-02-25 07:42:50+00:00
1029631,1,Nigel Snoad,spangledrongo,https://twitter.com/spangledrongo,https://pbs.twimg.com/profile_images/27613962/61942420_4686602214c_normal.jpg,"Google, Crisis, Civics, design, resilience, data, societal networks and all that. 

But really it's simple:
bicycles + Brooklyn + daughter = happy","Brooklyn, NY",http://t.co/zAZ61k8RE8,America/New_York,758,124,1256,0,2007-03-12 18:04:14+00:00
294056626,1,Shadrock Roberts,Shadrocker,https://twitter.com/Shadrocker,https://pbs.twimg.com/profile_images/3584196654/64bbf89a46e1b5286936d866fdbe07bb_normal.png,Director of the Resilience Network Initiative @Ushahidi. Working on that PhD in #Geography: studying #refugees #IDPs #remotesensing,"Athens, GA (sometimes)",http://t.co/IFf5ZBJxia,,755,508,1100,0,2011-05-06 13:14:21+00:00
15748351,1,Infochimps,infochimps,https://twitter.com/infochimps,https://pbs.twimg.com/profile_images/1652358055/chimpmark_normal.gif,"Infochimps, a CSC Big Data Business makes it faster, easier & far less complex to build & manage big data apps in the cloud & quickly deliver insights.","Austin, Texas",http://t.co/x4b92kTQeK,Central Time (US & Canada),9555,2950,4587,0,2008-08-06 10:34:37+00:00
17053097,1,Hadley Beeman,hadleybeeman,https://twitter.com/hadleybeeman,https://pbs.twimg.com/profile_images/1689768600/IMG_2849d_headshot_786x786_normal.jpg,Architect for #opendata & #openstandards. Advisor on technology policy. Co-founder of @300_Seconds. Data geek. Active in UK gov and W3C; views mine.,London,http://t.co/tboYFM7M4C,London,8512,4543,19918,0,2008-10-29 21:53:20+00:00
15101375,1,David Eaves,daeaves,https://twitter.com/daeaves,https://pbs.twimg.com/profile_images/63542385/favicon_me_normal.PNG,"Connecting: open innovation, data, public service renewal, public policy, open-source, & gov 2.0 with negotiation, collaboration, life, fun & rockband drumming","Vancouver, BC",http://t.co/gU9sjJPmDM,Pacific Time (US & Canada),8678,507,9666,0,2008-06-12 21:24:05+00:00
36683668,1,USAID,USAID,https://twitter.com/USAID,https://pbs.twimg.com/profile_images/467401022386614272/Bm7XjfxW_normal.jpeg,"USAID works to end extreme global poverty and enable resilient, democratic societies to realize their potential. Privacy: http://t.co/kHBeQqYJXj",,http://t.co/LQiKx1WAFI,Eastern Time (US & Canada),377581,1515,14447,1,2009-04-30 15:08:07+00:00
18634164,1,Michelle Delaney,michelledelaney,https://twitter.com/michelledelaney,https://pbs.twimg.com/profile_images/459055307772002304/UwKcxhEs_normal.jpeg,Irish | @UNOCHA Communication Officer | Somalia | South Sudan | Kenya,Nairobi,http://t.co/Uldn5pmTpr,London,2569,1057,732,0,2009-01-05 15:23:49+00:00
37268261,1,Andrew Alspach,aalspach,https://twitter.com/aalspach,https://pbs.twimg.com/profile_images/1404130909/profile_pic_OCHAnet_jpg_normal.jpg,Humanitarian Emergency Response | Geo-data | Information Management |  Visualization | Driving Innovation for Practical Solutions  Tweets are my own.,Geneva,http://t.co/JrS2eqpg6r,Paris,280,204,157,0,2009-05-02 19:51:59+00:00
16017475,1,Nate Silver,NateSilver538,https://twitter.com/NateSilver538,https://pbs.twimg.com/profile_images/378800000188475595/9048bff5190578d8e2c558dca3606fbb_normal.png,"Editor-in-Chief, FiveThirtyEight. Author, The Signal and the Noise (http://t.co/9mLliQYI8N). Sports/politics/food geek.",New York,http://t.co/9mLliQYI8N,Eastern Time (US & Canada),719932,690,8594,1,2008-08-27 20:56:45+00:00
2420236676,1,PersonalData&Privacy,OpenDataPrivacy,https://twitter.com/OpenDataPrivacy,https://pbs.twimg.com/profile_images/450558564013064193/ZpvrBWOp_normal.png,"Exploring the intersection of personal data, open data and privacy. An @OKFN and @OpenRightsGroup project 
http://t.co/1sz5EEuwa1",,,,208,363,149,0,2014-03-31 08:48:28+00:00
12676892,1,jcrowley,jcrowley,https://twitter.com/jcrowley,https://pbs.twimg.com/profile_images/190531419/jc_snow_normal.jpg,"Humanitarian, technologist, historian, cellist, in reverse chronological order. World Bank | GFDRR | Harvard Humanitarian Initiative","Washington, DC",http://t.co/eL3aRlneDP,Eastern Time (US & Canada),1003,428,374,0,2008-01-25 09:43:14+00:00
275339576,1,Robert Banick,RBanick,https://twitter.com/RBanick,https://pbs.twimg.com/profile_images/378800000443746464/a1f9051ac75890db1efa980a4a04b936_normal.jpeg,"Making maps with stuff, responding to disasters and everything in between. I dig my work @RedCross.","Washington, D.C.",,,443,385,980,0,2011-04-01 02:46:12+00:00
18088367,1,Denice W. Ross,denicewross,https://twitter.com/denicewross,https://pbs.twimg.com/profile_images/454090008538804225/4dMi3bWj_normal.jpeg,"Card-carrying member of the Data Liberation Front embedded in New Orleans City Hall working hard to make local gov more efficient, effective and equitable.","New Orleans, LA",http://t.co/KpZ53FegeE,Central Time (US & Canada),489,528,593,0,2008-12-12 23:01:23+00:00
12456402,1,Ushahidi,ushahidi,https://twitter.com/ushahidi,https://pbs.twimg.com/profile_images/2568557529/2drs573746r33u10eekw_normal.png,"We are a non-profit tech company that specializes in developing free and open source software for information collection, visualization and interactive mapping.",Africa (mostly),http://t.co/9Swv0PRWBC,Nairobi,50162,381,6018,1,2008-01-20 11:59:18+00:00
106840674,1,CrisisMappers,CrisisMappers,https://twitter.com/CrisisMappers,https://pbs.twimg.com/profile_images/823634625/9_normal.PNG,The Humanitarian Technology Network,Global,http://t.co/yY25vyHQeS,Eastern Time (US & Canada),10448,42,16315,0,2010-01-20 21:28:15+00:00
230753361,1,Standby Task Force,SBTaskForce,https://twitter.com/SBTaskForce,https://pbs.twimg.com/profile_images/1207940681/Picture_4_normal.png,The Standby Task Force is a group of volunteers that put their skills at the service of crisis mapping deployments around the world.,Global,http://t.co/UwpyoncVUS,Amsterdam,2079,144,692,0,2010-12-26 15:31:18+00:00
1310094163,1,DHNetwork,Digihums,https://twitter.com/Digihums,https://pbs.twimg.com/profile_images/3480712527/df3bdf345cef837a89836922ce7b4b0c_normal.png,"An interface between traditional humanitarian organizations and digital networks, providing activation mechanisms to humanitarian emergencies.",Geneva,http://t.co/OAaLXEweJC,Amsterdam,623,237,829,0,2013-03-28 10:11:39+00:00
361135478,1,ACAPS,ACAPSproject,https://twitter.com/ACAPSproject,https://pbs.twimg.com/profile_images/2609504577/f41hsc8pnqislypnsk4v_normal.png,"ACAPS is dedicated to improve the assessment of needs before, during and after crises. We provide tools, know-how and training to humanitarian actors.",Geneva,http://t.co/hChGfJzjbZ,Paris,970,156,419,0,2011-08-24 09:20:30+00:00
143219398,1,GFDRR,GFDRR,https://twitter.com/GFDRR,https://pbs.twimg.com/profile_images/469586317018279936/v0F_NAn4_normal.jpeg,Reducing vulnerability to natural hazards in a changing climate.,"Washington, DC",http://t.co/P19JU56LgV,Eastern Time (US & Canada),1869,605,1488,0,2010-05-12 22:40:42+00:00
2175958220,1,UNHCR IM Network,UNHCRIM,https://twitter.com/UNHCRIM,https://pbs.twimg.com/profile_images/440878609129955328/PzlYU-C2_normal.jpeg,Connecting Information Managers in @Refugees operations & beyond. Tweets from the IM team & #OpenData fans at #UNHCR HQ. RT ≠ endorsement.,Geneva,,Amsterdam,205,328,147,0,2013-11-05 12:11:44+00:00
442688702,1,Matthew Devin Conway,md_conway,https://twitter.com/md_conway,https://pbs.twimg.com/profile_images/451038527677931521/Hz5Ufm5z_normal.png,"Primarily following developments in Great Lakes & Horn of Africa. Work for UN OCHA Eastern Africa, but tweets are my own. RTs ≠ endorsements.","Nairobi, Kenya",,Baghdad,297,588,675,0,2011-12-21 10:55:25+00:00
18982924,1,Mark Bidder,Jipe82,https://twitter.com/Jipe82,https://pbs.twimg.com/profile_images/434102856258314240/ez_1cPi9_normal.jpeg,Operations manager at OCHA/IRIN; dabbles in the creative arts; occasional mountain-biker.,Kenya,,Nairobi,164,246,295,0,2009-01-14 16:58:45+00:00
278009484,1,raven + crow studio,RavenAndCrow,https://twitter.com/RavenAndCrow,https://pbs.twimg.com/profile_images/460851356568268800/j-eB65HU_normal.jpeg,"raven + crow studio is a brooklyn-born, los-angeles-based graphic design studio that specializes in not being jerks. 
also, making the world a prettier place.","los angeles, ca",http://t.co/2tiMKOPVd2,Quito,441,757,6971,0,2011-04-06 12:33:09+00:00
106757305,1,Logistics Cluster,logcluster,https://twitter.com/logcluster,https://pbs.twimg.com/profile_images/378800000645645174/b2b160b4be22c54ef494df1f44530f57_normal.png,"The Logistics Cluster, led by @WFP, provides logistics coordination for all humanitarian actors responding to an emergency.","Rome, Italy",http://t.co/memRJRqSk0,Rome,894,504,1183,0,2010-01-20 16:09:17+00:00
58469461,1,MapAction,mapaction,https://twitter.com/mapaction,https://pbs.twimg.com/profile_images/459294157668773888/BU_kL0a2_normal.jpeg,International disaster mapping charity that maps priority needs in a humanitarian emergency so relief aid is targeted to help those in greatest need.,"UK, Germany, Trinidad, Guyana",http://t.co/GqiALGUcGd,London,4213,580,1806,0,2009-07-20 13:12:33+00:00
27008927,1,Eva Modvig,EvaModvig,https://twitter.com/EvaModvig,https://pbs.twimg.com/profile_images/1704397392/EvaM_normal.jpg,"Thinking about humanitarian affairs, #commisaid & #smem.  Communications & reporting for @UNOCHA in Myanmar.Tweets are my own",,,Tokyo,578,1189,244,0,2009-03-27 14:03:04+00:00
21120253,1,Ben Parker,BenParker140,https://twitter.com/BenParker140,https://pbs.twimg.com/profile_images/2196435714/avatar_normal.JPEG,"Consultant. Former @UNSomalia in Mogadishu. Ex @irinnews, @OCHA_Syria. Tweets my own.",,,Nairobi,4252,3348,6264,0,2009-02-17 19:26:04+00:00
1243054812,1,UNICEF Innovation,UNICEFinnovate,https://twitter.com/UNICEFinnovate,https://pbs.twimg.com/profile_images/378800000330216632/6669e95ab88f360c57ffdb61d2064f12_normal.jpeg,"UNICEF’s Tech Innovation initiatives, resources, media coverage, development and stories from the UNICEF Innovation. #uinnovate","New York, NY",http://t.co/EE0PSXlyH5,Eastern Time (US & Canada),2114,192,657,0,2013-03-05 07:02:01+00:00
537635618,1,Mark Slezak,mzslezak,https://twitter.com/mzslezak,https://pbs.twimg.com/profile_images/2677572413/b34cc30627be8c83fc1d6cfbb572c9dd_normal.jpeg,,,,,10,116,3,0,2012-03-26 22:55:59+00:00
263176702,1,IATI,IATI_aid,https://twitter.com/IATI_aid,https://pbs.twimg.com/profile_images/1266838498/IATI_logo_Twitter_smll_normal.png,"The International Aid Transparency Initiative aims to make information about aid and development spending easier to access, use and understand #IATI",,http://t.co/V6Qh28P7fp,London,2968,1205,1324,0,2011-03-09 15:00:03+00:00
1946493157,1,Za'atari Camp,ZaatariCamp,https://twitter.com/ZaatariCamp,https://pbs.twimg.com/profile_images/378800000654706502/00eef9b2628c1bc204347228820dbff7_normal.png,"Vast, dusty and unpredictable, this remarkable stretch of desert is home to thousands of Syrian refugees. Tweets by UNHCR. Follow for photos, stories and news.","Mafraq Governorate, Jordan",,Athens,6953,114,536,0,2013-10-08 10:17:31+00:00
362585949,1,Opendata.ch,OpendataCH,https://twitter.com/OpendataCH,https://pbs.twimg.com/profile_images/2275597832/rkcs2zdz9h3c8jfw7lbo_normal.png,"Association facilitating Open (Gov) Data in Switzerland by bringing together public servants, ideators, designers & developers - join us! @okfn's Swiss chapter",Switzerland,http://t.co/Y9qlOVPjxH,Bern,2084,1191,1530,0,2011-08-26 17:00:43+00:00
153350471,1,Open Data Paris,opendataParis,https://twitter.com/opendataParis,https://pbs.twimg.com/profile_images/2042585364/avatar_paris_data3_normal.jpg,Canal d'infos et d'échanges sur la politique #OpenData de la Ville de @Paris...,Paris,http://t.co/OTf9NmeOX7,,4299,103,545,0,2010-06-08 09:30:48+00:00
94381654,1,Opendata Hackday,opendatahack,https://twitter.com/opendatahack,https://pbs.twimg.com/profile_images/1638541534/logo_normal.jpg,Hackday on opendata & opengovernment am 3. Dezember 2011,"Berlin, Germany",http://t.co/3CIHRrAqrC,Berlin,560,281,28,0,2009-12-03 18:12:29+00:00
12641582,1,REFUNITE,refunite,https://twitter.com/refunite,https://pbs.twimg.com/profile_images/466843780620894208/47LtbfC1_normal.jpeg,REFUNITE is an online and mobile tracing tool helping refugees reconnect with family they have lost contact with during escape.,m.refunite.org,http://t.co/Ef8eWT5mtf,Copenhagen,61462,1754,2582,0,2008-01-24 14:51:12+00:00
2196152420,1,Javier Teran,OCHASTATS,https://twitter.com/OCHASTATS,https://pbs.twimg.com/profile_images/378800000743256160/9fa1d580cf4c4bf4701ff2450695883b_normal.png,Statistician,New York,,,3,71,0,0,2013-11-15 15:18:25+00:00
1672632270,1,WorldPopProject,WorldPopProject,https://twitter.com/WorldPopProject,https://pbs.twimg.com/profile_images/378800000301310123/e28e3bced8b5dd54966f9326c6fda798_normal.jpeg,,,,,128,78,23,0,2013-08-15 08:48:23+00:00
14438300,1,luishernando,luishernando,https://twitter.com/luishernando,https://pbs.twimg.com/profile_images/461275487306665985/KDivgN9c_normal.jpeg,Working here- United Nations Office For Coordination Of Humanitarian Affairs OCHA Colombia.tweets are mine,Bogotá,http://t.co/6wiLJoVzr0,Bogota,1562,1337,6893,0,2008-04-18 22:38:38+00:00
16143105,1,Open Knowledge,OKFN,https://twitter.com/OKFN,https://pbs.twimg.com/profile_images/456839051727757312/M54iFKFB_normal.png,See how data can change the world,Global,http://t.co/d3HbywcrZi,Greenland,19043,949,5468,0,2008-09-05 12:34:52+00:00
300866884,1,CKAN,CKANproject,https://twitter.com/CKANproject,https://pbs.twimg.com/profile_images/3196054361/088d759d8cc8bcd16fc6869e8227f248_normal.png,"The #opensource #opendata platform. Powering http://t.co/GdXNmN65Sf, http://t.co/SFdQI1rKHL & portals around the world: http://t.co/YEGynxgDgM. An @OKFN project",Everywhere soon,http://t.co/utr04rcgEM,London,4910,287,974,0,2011-05-18 13:58:30+00:00
236873973,1,The Sphere Project,SpherePro,https://twitter.com/SpherePro,https://pbs.twimg.com/profile_images/2325065739/65qhehsilp534zfsdtzp_normal.jpeg,Humanitarian Charter and Minimum Standards in Humanitarian Response,"Geneva, Switzerland",http://t.co/GkRb7EJvpw,Bern,2086,411,239,0,2011-01-11 15:27:01+00:00
10313032,1,HeatherLeson,HeatherLeson,https://twitter.com/HeatherLeson,https://pbs.twimg.com/profile_images/461224631274180609/-QOl5EyL_normal.jpeg,"Idea hacker, community builder. I'm obsessed with bridges, visit Gehry cities and am a serial volunteer.  Imagine this world if we all lent a digital hand.",Toronto,http://t.co/0FNOPiTzrG,Eastern Time (US & Canada),4917,5329,19443,0,2007-11-16 19:27:35+00:00
151392610,1,GHA,gha_org,https://twitter.com/gha_org,https://pbs.twimg.com/profile_images/1057933501/org_normal.png,Tracking the provision of finance in response to humanitarian need.,"Bristol, UK",http://t.co/QW8yjbsrAN,Amsterdam,1502,1443,1166,0,2010-06-03 09:05:27+00:00
239783773,1,ELRHA,ELRHA,https://twitter.com/ELRHA,https://pbs.twimg.com/profile_images/378800000058775649/59ed5a1cfa4080f353a41de54bd5d60d_normal.jpeg,We bring academics & aid workers together in partnership to improve research & training in the humanitarian sector.,UK,http://t.co/d9qR2j1G3o,London,1400,794,1069,0,2011-01-18 12:24:59+00:00
862144405,1,Humanitarian Toolbox,HTbox,https://twitter.com/HTbox,https://pbs.twimg.com/profile_images/378800000210718633/4a028ce30e9238501be08f97ddbfd9f8_normal.png,Connecting your generosity and skills to the needs of response orgs to build & maintain rapidly deployable open source solutions and tools for disaster response,,http://t.co/wk3YrVzJAP,Arizona,308,72,57,0,2012-10-04 22:34:47+00:00
20577000,1,Jacobo Quintanilla,jqg,https://twitter.com/jqg,https://pbs.twimg.com/profile_images/344513261568924205/44a05c694e3e5b69804cee30484b3666_normal.jpeg,"Director of Humanitarian Communication Programs @Internews, @PopTech fellow. Working to make the world a better place through access to information #commisaid",Roaming - Tri-London,http://t.co/xTIbtWCHYx,London,2509,2091,6119,0,2009-02-11 07:35:38+00:00
620775713,1,OCHA Afghanistan,OCHAAfgh,https://twitter.com/OCHAAfgh,https://pbs.twimg.com/profile_images/2348467451/Logo_OCHA_Blue_portrait_normal.jpg,The United Nations Office for the Coordination of Humanitarian Affairs (OCHA) mobilizes & coordinates humanitarian assistance to the most vulnerable people in,Afghanistan,http://t.co/WiCI2Skryf,Kabul,1136,306,328,1,2012-06-28 08:13:14+00:00
47976136,1,OCHA Eastern Africa,UNOCHA_EA,https://twitter.com/UNOCHA_EA,https://pbs.twimg.com/profile_images/2762871899/bd5ce1801447a17edaa3353677f9d6d2_normal.jpeg,Regional UN Office for the Coordination of Humanitarian Affairs. We help mobilize/coordinate humanitarian action across eastern Africa. http://t.co/xbBefCt9XF,"Nairobi, Kenya",http://t.co/m4AVhwvMP0,Nairobi,1839,619,1324,1,2009-06-17 14:25:28+00:00
16308922,1,IRIN News,irinnews,https://twitter.com/irinnews,https://pbs.twimg.com/profile_images/3631128055/7d91bfb8676a46bca6c6a319a839a82f_normal.png,"The world's leading provider of specialist humanitarian news and analysis. Published from Nairobi, Dubai, Bangkok, Dakar and Johannesburg. RTs not endorsements",Nairobi,http://t.co/YMJbayWiHX,Nairobi,32848,2204,11490,0,2008-09-16 10:02:31+00:00
17233335,1,Internews,Internews,https://twitter.com/Internews,https://pbs.twimg.com/profile_images/1733351773/color_vertical_noTag_2inWbSq_normal.gif,Internews is an international non-profit organization whose mission is to empower local media worldwide.,Global,http://t.co/Bmubh6Grnh,Central Time (US & Canada),12712,8502,3956,0,2008-11-07 16:07:07+00:00
15762575,1,AlertNet,AlertNet,https://twitter.com/AlertNet,https://pbs.twimg.com/profile_images/1620376244/AlertNetLogo_normal.jpg,"The Thomson Reuters Foundation's humanitarian news service covers wars, conflict, natural disasters, food and health emergencies. Tweet to ask for a follow.",Global,http://t.co/UpOxnZBxy2,London,46268,3658,28778,0,2008-08-07 12:24:49+00:00
19765312,1,Oliver Lacey-Hall ,OliverLaceyHall,https://twitter.com/OliverLaceyHall,https://pbs.twimg.com/profile_images/565063377/DSC00216_normal.JPG,Regional Head of OCHA for Asia and Pacific. Ageing humanitarian grappling with newfangled technology and only partially succeeding. Views are my own only.,Bangkok,http://t.co/oEYTUVAAXJ,Bangkok,634,444,703,0,2009-01-30 12:34:16+00:00
485375893,1,OCHA Pacific,UNOCHA_ROP,https://twitter.com/UNOCHA_ROP,https://pbs.twimg.com/profile_images/2650367699/014f88b5146118a51e432a72bfa3fc64_normal.jpeg,The UN Office for the Coordination of Humanitarian Affairs Regional Office for the Pacific works to coordinate effective humanitarian response.,"Suva, Fiji",http://t.co/HSQcTjoaST,Fiji,1270,292,514,1,2012-02-07 04:12:05+00:00
438292978,1,Pierre in Myanmar,pierre_peron,https://twitter.com/pierre_peron,https://pbs.twimg.com/profile_images/438255495208398849/M0BM-Fcg_normal.jpeg,"Pierre Peron, Public Information Officer in Myanmar for the UN Office for the Coordination of Humanitarian Affairs (OCHA)
Views expressed on twitter are my own.","Yangon, Myanmar",http://t.co/zUTRE0MeLQ,Rangoon,2515,2610,3512,0,2011-12-16 12:17:59+00:00
15308167,1,Aidan McGuire,amcguire62,https://twitter.com/amcguire62,https://pbs.twimg.com/profile_images/1371342906/aidan_sw_normal.jpg,Entrepreneur and Co-founder of two technology companies,Liverpool,http://t.co/UYtNN3hSs1,London,801,649,2329,0,2008-07-03 13:34:06+00:00
17844669,1,David Megginson,david_megginson,https://twitter.com/david_megginson,https://pbs.twimg.com/profile_images/86904241/profile-128x128_normal.png,"Amateur musician, private pilot, urban pedestrian, tea drinker.","Ottawa, ON",http://t.co/ZiRHZMhUz4,Eastern Time (US & Canada),412,122,3848,0,2008-12-03 18:55:50+00:00
47209077,1,Richard Tyson,jrichardtyson,https://twitter.com/jrichardtyson,https://pbs.twimg.com/profile_images/477619233937821696/j9W8cyVc_normal.jpeg,Converging on the present.,New York,http://t.co/zeR6ZfCz26,Quito,237,191,241,0,2009-06-14 23:59:46+00:00
269509830,1,Bruce Strong,chaordia,https://twitter.com/chaordia,https://pbs.twimg.com/profile_images/3397869191/2825228b7e8de758c1272073f56ffb0a_normal.png,,Boston,http://t.co/r5EhXv9Xf9,Eastern Time (US & Canada),3,8,3,0,2011-03-20 22:56:20+00:00
19993545,1,ReliefWeb,reliefweb,https://twitter.com/reliefweb,https://pbs.twimg.com/profile_images/1307616086/rw-twit-logo_normal.png,Informing humanitarians worldwide. A service provided by @UNOCHA.,"Bangkok, Nairobi, New York",http://t.co/CUpplLJOdW,Eastern Time (US & Canada),40891,292,9086,1,2009-02-03 18:59:29+00:00
1469632224,1,Zain Fahmy Hassan,Zain_FH,https://twitter.com/Zain_FH,https://pbs.twimg.com/profile_images/378800000462177226/a35cb976ea9046b6a76936ef0a5f500b_normal.jpeg,"Research Student at IDO Group @BathSofM, @UniofBath. Research on innovation management in humanitarian medical transport. Views are my own.","Bath, Somerset",,London,27,141,304,0,2013-05-30 12:41:56+00:00
1927054988,1,Claire Barnhoorn,ClaireBarnhoorn,https://twitter.com/ClaireBarnhoorn,https://pbs.twimg.com/profile_images/378800000539076339/870d633613d932047d5d8810695e90c5_normal.png,"A humanitarian and energetic organisational millipede, passionate about innovations for aid, sharing some thoughts and the likes",,http://t.co/k3n5MB5bDf,,186,729,403,0,2013-10-02 14:29:56+00:00
87389423,1,ActivityInfo,activityinfo,https://twitter.com/activityinfo,https://pbs.twimg.com/profile_images/3109804546/c694c7ba1d52befa2b7fb7f1a5e6a766_normal.png,"ActivityInfo is an online (webbased)  project monitoring tool, that helps aid organizations to collect, manage,  map and analyze indicators.",,http://t.co/hpWDQvoC,Amsterdam,83,438,106,0,2009-11-04 07:54:44+00:00
194054154,1,James Cockayne,James_Cockayne,https://twitter.com/James_Cockayne,https://pbs.twimg.com/profile_images/1830291292/IMG_0305_normal.jpg,Head of Office at the #UnitedNations for @UNUniversity. Personal views. RT ≠ endorsement.,New York,,Eastern Time (US & Canada),445,386,537,0,2010-09-23 09:41:58+00:00
154555163,1,Luis Rolando Sánchez,luisvalverth,https://twitter.com/luisvalverth,https://pbs.twimg.com/profile_images/1307469118/Foto_para_Twitter_uno_normal.jpg,Former United Nations Emergency Team member in Guatemala / Risk Reduction Education for Disasters / Communications Specialist / INEE member / PhD. Student,"Guatemala, Central America",,Central America,112,552,132,0,2010-06-11 15:15:13+00:00
16895951,1,Patrick Meier,PatrickMeier,https://twitter.com/PatrickMeier,https://pbs.twimg.com/profile_images/2283251939/fa994c3ffxaqy22lp0f1_normal.png,"Pioneering Next Generation Humanitarian Technologies | 5x @TEDx Speaker | @RockefellerFdn, @PopTech, @NatGeo Fellow | @Stanford PreDoc | @FletcherSchool PhD",Washington DC,http://t.co/2bS00LTxyT,Eastern Time (US & Canada),15077,820,7620,0,2008-10-21 23:09:45+00:00
38027006,1,Dr Jemilah Mahmood,JemilahMahmood,https://twitter.com/JemilahMahmood,https://pbs.twimg.com/profile_images/378800000746408517/60cf03f1bf09c097c16ca9f1738d88fc_normal.jpeg,"Chief World Humanitarian Summit Secretariat at UN in NYC, Doctor, Founder@MERCYMalaysia,",,,,1225,189,6169,0,2009-05-05 21:35:38+00:00
54587658,1,ScraperWiki,ScraperWiki,https://twitter.com/ScraperWiki,https://pbs.twimg.com/profile_images/1763676683/tractor_normal.png,"Tools to get, clean and analyse data from web pages, PDFs and Twitter","Liverpool, UK",http://t.co/vfN8zDIjA6,London,3539,1431,2253,0,2009-07-07 15:58:08+00:00
68139427,1,Ian,IanHopkinson_,https://twitter.com/IanHopkinson_,https://pbs.twimg.com/profile_images/1741964130/ProfilePic1_normal.jpg,...aka @SmallCasserole Scientist. Physicist. ooo...looker extraordinaire. Mr @HappyMouffetard. Senior Data Scientist at @ScraperWiki,"Cheshire, UK",http://t.co/LOOex32J8M,London,1947,709,38717,0,2009-08-23 13:05:10+00:00
85289376,1,ICRC,ICRC,https://twitter.com/ICRC,https://pbs.twimg.com/profile_images/1259559734/ICRC_normal.jpg,International Committee of the Red Cross ensuring humanitarian protection and assistance for victims of war and other situations of violence.,Geneva,http://t.co/NfFAtwJFCn,Bern,215932,627,5018,1,2009-10-26 11:05:15+00:00
148760879,1,aidinfo,aidinfo,https://twitter.com/aidinfo,https://pbs.twimg.com/profile_images/1149373454/aidinfo_logo_twitter_normal.jpg,"We work to reduce poverty by making aid and other resources more effective through making them more
transparent and accountable. aidinfo is part of @devinitorg","Bristol, UK",http://t.co/068HMcdfdK,Amsterdam,5730,1385,1633,0,2010-05-27 14:44:56+00:00
335868304,1,HIF,The_HIF,https://twitter.com/The_HIF,https://pbs.twimg.com/profile_images/378800000072095154/0e166abfd853a4efeb2fa655335a2452_normal.jpeg,"Supporting organisations & individuals to identify, nurture & share innovative & scalable solutions to the challenges facing effective humanitarian assistance.",Humanitarian Innovation Fund,http://t.co/GHra84Mvx4,Amsterdam,1793,814,933,0,2011-07-15 11:18:23+00:00
64777298,1,Hemant Purohit,hemant_Pt,https://twitter.com/hemant_Pt,https://pbs.twimg.com/profile_images/422601880154275840/v52rNft1_normal.png,"Computational Social Scientist- Coordination, Social Dynamics: Influence-Engagement-Evolution, Crisis Resp, Social Good. ICCM-13 fellow. #IBMResearch #MSR #QCRI","Dayton, US",http://t.co/hpJwFneiJU,Eastern Time (US & Canada),484,269,4695,0,2009-08-11 17:41:27+00:00
207697817,1,Samuel EUSTACHI,SamEustachi,https://twitter.com/SamEustachi,https://pbs.twimg.com/profile_images/1500916883/cat_pirate_poster_print-p228675305995870147vsu7_325_normal.jpg,,Luxembourg,,,16,14,17,0,2010-10-25 21:29:37+00:00
7794562,1,CJ Hendrix,cj_hendrix,https://twitter.com/cj_hendrix,https://pbs.twimg.com/profile_images/1197729713/profile_pic_640x640_normal.jpg,,"Geneva, Switzerland",,Paris,80,28,37,0,2007-07-29 02:45:59+00:00
31556904,1,Ocha Colombia,ochacolombia,https://twitter.com/ochacolombia,https://pbs.twimg.com/profile_images/3056538795/7c443a40f604ea2475e54b22eddde169_normal.png,Oficina de las Naciones Unidas para la Coordinación de Asuntos Humanitarios (OCHA). Buscamos movilizar y coordinar una respuesta humanitaria efectiva,"Bogotá, Colombia",http://t.co/kyu4giuBMt,Bogota,12791,360,3659,1,2009-04-15 23:16:59+00:00
293538523,1,Valerie Amos,ValerieAmos,https://twitter.com/ValerieAmos,https://pbs.twimg.com/profile_images/472024569998368768/SWhSVkz8_normal.jpeg,"The official Twitter account of the Under-Secretary-General for Humanitarian Affairs and Emergency Relief Coordinator, Valerie Amos.",,http://t.co/vqO7YwEHWE,Eastern Time (US & Canada),30239,250,1036,0,2011-05-05 14:37:06+00:00
39582891,1,Luis Capelo,luiscape,https://twitter.com/luiscape,https://pbs.twimg.com/profile_images/477317300949774336/6Xdy5Xv2_normal.jpeg,Humanitarian by passion. Data nerd. Works for @UNOCHA and part of the @humdata team. Tweets are my very extremely own.,"New York, NY",http://t.co/8ntbXZRslf,Vienna,614,1095,807,0,2009-05-12 20:07:37+00:00
18638602,1,Andrej Verity,andrejverity,https://twitter.com/andrejverity,https://pbs.twimg.com/profile_images/378800000324574947/607835c7fe9329664c68d7d4debeca8a_normal.jpeg,Disaster responder and information management officer for UN-OCHA. Tweets are my personal opinion only.,"Geneva, Switzerland",http://t.co/XjkdAH12qE,Bern,1719,572,2249,0,2009-01-05 17:50:28+00:00
157958919,1,Carsten Keßler,carstenkessler,https://twitter.com/carstenkessler,https://pbs.twimg.com/profile_images/378800000044204246/7f912c28807b4303b126cbc226cab7b2_normal.png,"Into Linked Open Data, emergency management, volunteered geographic information. German expat. Assistant professor for GIScience at @Hunter_College, NYC.",New York,http://t.co/RMNltnegkd,Berlin,367,359,953,0,2010-06-21 10:43:23+00:00
21303235,1,UNOCHA,UNOCHA,https://twitter.com/UNOCHA,https://pbs.twimg.com/profile_images/2566881686/w6cxnl66cv46erdielyp_normal.jpeg,The United Nations Office for the Coordination of Humanitarian Affairs (OCHA) mobilizes & coordinates humanitarian assistance to people in need worldwide.,,http://t.co/CfcJS2liQ1,Eastern Time (US & Canada),65998,1042,10004,1,2009-02-19 14:41:13+00:00
